reviewer,review_title,review,rating,review_date,app_version,country,source,app_id,is_edited,developer_response
anil 1983,cheating,you said delivery free for this order and charged delivery,1,2026-07-27T10:22:30-07:00,18.71.0,IN,App Store (RSS fallback),960335206,,
Danhis khan,NYC,Super past delivered,5,2026-07-27T10:15:10-07:00,18.71.0,IN,App Store (RSS fallback),960335206,,
Palak kumawat,Review,"Very disappointing customer service. I accidentally ordered the wrong product and contacted support immediately. The product was completely unopened and sealed, but they still refused to help with a return or exchange.

Mistakes can happen, and I expected at least some flexibility for an unopened item. Instead, I received no support or satisfactory resolution. This experience has made me lose trust in Blinkit, and I’ll think twice before ordering again.",1,2026-07-27T10:08:56-07:00,18.71.0,IN,App Store (RSS fallback),960335206,,
Bob delton,No Discount on Upi payments,It doesn’t give upi payment discount like Zepto & Instamart . little Bit Expensive then it,1,2026-07-27T10:06:39-07:00,18.71.0,IN,App Store (RSS fallback),960335206,,
Praveen  kumar 187,Customer,Bad service very rude behaviour,1,2026-07-27T09:41:12-07:00,18.71.0,IN,App Store (RSS fallback),960335206,,
Monster1309,No resolution,A delivery driver scammed me. There was no action or resolution given by blinkit the have just deployed a chatbot.,1,2026-07-27T09:27:06-07:00,18.71.0,IN,App Store (RSS fallback),960335206,,
Girindr,Different prices,Prices in Android and Apple devices are different. Prices in apple devices are more.,1,2026-07-27T08:55:18-07:00,18.71.0,IN,App Store (RSS fallback),960335206,,
Miyomini,There is no toll free customer support number to call and customer support is laughable,There is no toll free customer support number to call and customer support is laughable,3,2026-07-27T08:31:57-07:00,18.71.0,IN,App Store (RSS fallback),960335206,,
Blinkandcome,Have all the things i wanted,Blinkit has all the things i wanted it is a very nice thing,5,2026-07-27T08:31:37-07:00,18.71.0,IN,App Store (RSS fallback),960335206,,
Best moment app,Review,"Blinkit is actually super good because it delivers things on time, and it can actually be called as India’s last moment delivery app and everything is available unlike Zepto and it and only like hardly a few things are not there, and I would recommend that you should add a more couple of things in there and it would be the best",5,2026-07-27T08:14:35-07:00,18.71.0,IN,App Store (RSS fallback),960335206,,
Kashishjjj,Kashish,Very good and fast 😀,5,2026-07-27T07:50:31-07:00,18.71.0,IN,App Store (RSS fallback),960335206,,
~Rudra,Incerase stores in chhatarpur MP,Please increase ur blinkit stores in chhatarpur mp,4,2026-07-27T07:46:05-07:00,18.71.0,IN,App Store (RSS fallback),960335206,,
Johnsonkraj,Very poor delivery algorithms.,"When I order from tambaram , Purasawalkam guy picks up the order. But my address is at tambaram . Very pathetic.",1,2026-07-27T07:34:53-07:00,18.71.0,IN,App Store (RSS fallback),960335206,,
P.Kimaya,BHIM cashback coupon never works,This is the 2nd time and the cashback coupon has not worked at all. It kind of feels like scam to put such a coupon option.,1,2026-07-27T06:51:00-07:00,18.71.0,IN,App Store (RSS fallback),960335206,,
Runmayi,Grocery,No cash on delivery available most time,1,2026-07-27T06:11:31-07:00,18.71.0,IN,App Store (RSS fallback),960335206,,
blinkitufun,blinkit,blinkit is very useful app i love it,5,2026-07-27T05:54:49-07:00,18.71.0,IN,App Store (RSS fallback),960335206,,
To point 6.2,It have everything,And it is a special congratulations  to Blinkit,5,2026-07-27T05:10:37-07:00,18.71.0,IN,App Store (RSS fallback),960335206,,
Shubham Dabas,Price differ,Price fluctuation,3,2026-07-27T03:39:57-07:00,18.71.0,IN,App Store (RSS fallback),960335206,,
Bindu Reddy C,Worst and worst,There is no open box delivery. I received the product in bad condition. There is no return or replacement. Executives were calling for the query and saying as per internal policies we couldn’t make any help on this.,1,2026-07-27T03:13:30-07:00,18.71.0,IN,App Store (RSS fallback),960335206,,
Last minutes friend,About this app,I like this app even in hurry it delivers in 10 minutes you must try it,5,2026-07-27T01:09:16-07:00,18.71.0,IN,App Store (RSS fallback),960335206,,
Prib009,Scam products no accountability,The sent me a product that literally cut my face and refused to return it. Never using this again,1,2026-07-27T01:03:36-07:00,18.71.0,IN,App Store (RSS fallback),960335206,,
Sallu@1234,Over charged,High charge delivery charge handling charge etc etc taking too many charges,3,2026-07-27T00:40:34-07:00,18.71.0,IN,App Store (RSS fallback),960335206,,
ReeMe’s kitchen,"Good service, quick service, and very good product",All products are good,5,2026-07-27T00:34:50-07:00,18.71.0,IN,App Store (RSS fallback),960335206,,
GamePlayer2410,The maps sucks,The delivery person always calls from 1-2kms away where as I see that I have put correct address in app. And this wasn’t once but all 3-4 times when I tried.,1,2026-07-26T23:25:05-07:00,18.71.0,IN,App Store (RSS fallback),960335206,,
Subha Ravi,Subha Ravi,Boon for Seniors. So far they’ve been good with refunds and returns. Well done. Keep it up!,5,2026-07-26T21:47:14-07:00,18.71.0,IN,App Store (RSS fallback),960335206,,
Kapil24nagar,Pathetic quality,Useless customer support,1,2026-07-26T21:36:05-07:00,18.71.0,IN,App Store (RSS fallback),960335206,,
Sri9698,Delivery guys not good,Very poor service,1,2026-07-26T21:08:24-07:00,18.71.0,IN,App Store (RSS fallback),960335206,,
Prav_Hyd,User Friendly,Very User friendly and convenient,5,2026-07-26T20:58:01-07:00,18.71.0,IN,App Store (RSS fallback),960335206,,
@nish05,Best thing in the world,It’s really a life savy,5,2026-07-26T20:26:33-07:00,18.71.0,IN,App Store (RSS fallback),960335206,,
seenu.james,Fraud in store activities,"In store employees are cancelling hotwheels orders which are rare 
It says cancelled due to technical issues - some sheet 
Reputed and premium app but fraud employees",1,2026-07-26T11:15:48-07:00,18.71.0,IN,App Store (RSS fallback),960335206,,
Vigilante2.0,Always late,Delivery agents need to be train,1,2026-07-26T10:54:23-07:00,18.71.0,IN,App Store (RSS fallback),960335206,,
shivAngi98,Stock,They are coming,1,2026-07-26T10:49:36-07:00,18.71.0,IN,App Store (RSS fallback),960335206,,
Fadssssssssss,Great service,Too good platform thank you blinkit and thank you to the handling team to always provide us the necessities so easily at our place to blessed to have you serving in our town,5,2026-07-26T10:39:59-07:00,18.71.0,IN,App Store (RSS fallback),960335206,,
Yd0747,Price issues,Prices are high of the same item compared to other apps,1,2026-07-26T10:07:24-07:00,18.71.0,IN,App Store (RSS fallback),960335206,,
Ravi C S,Poor and pathetic,Poor helpline support to understand concern and no  proper communication.,1,2026-07-26T09:50:03-07:00,18.71.0,IN,App Store (RSS fallback),960335206,,
Vimal671,Scam,This app scammed me .i order 10 items and they gave me 9 and now after tell them thay are not even accepting it that they gave me less item. I got scammed,1,2026-07-26T09:29:16-07:00,18.71.0,IN,App Store (RSS fallback),960335206,,
Ravikant Kapil,Scam,"They never return a product, it has been a few times now",1,2026-07-26T08:58:09-07:00,18.71.0,IN,App Store (RSS fallback),960335206,,
Karanbrar0193,One step into making life easier,Veryy usefull when stuck in any bad condition,5,2026-07-26T08:11:07-07:00,18.71.0,IN,App Store (RSS fallback),960335206,,
Snowhite_maahi,Its really good service,All good very nice,5,2026-07-26T07:50:35-07:00,18.71.0,IN,App Store (RSS fallback),960335206,,
Tahoor Laraib,Review,Very good and fast delivery,5,2026-07-26T07:37:25-07:00,18.71.0,IN,App Store (RSS fallback),960335206,,
90Yo/-@,Too much time,App lags while searching and takes 30 -40 sec to come up items  that are searched,2,2026-07-26T07:35:30-07:00,18.71.0,IN,App Store (RSS fallback),960335206,,
JyothiGeorge,Print out delivered at door step,"You are a life saver. I tried multiple shops for printing my exam sheet for tomorrow morning. Being Sunday, none of the printing shops were opened.",5,2026-07-26T06:29:02-07:00,18.71.0,IN,App Store (RSS fallback),960335206,,
Wee30,Photo frame,Light is Not working and the frame is damaged.,1,2026-07-26T06:13:45-07:00,18.71.0,IN,App Store (RSS fallback),960335206,,
Dr JAKSH,Too fast and Reliable,Best Services I believe for anyone in need and truly useful app to get things at tips,5,2026-07-26T05:56:50-07:00,18.71.0,IN,App Store (RSS fallback),960335206,,
Arvind_Rana,"Fast, Reliable & Professional Service","I’m absolutely loving the Blanket app! The quick service saves me so much time and energy, and I appreciate that there’s complete transparency with no fraud involved. The executives are super professional, making the whole experience smooth and reliable. Highly recommended!",5,2026-07-26T05:25:37-07:00,18.71.0,IN,App Store (RSS fallback),960335206,,
Ank May,Keep it up,"You are doing good
You can bring more healthy options",5,2026-07-26T05:04:46-07:00,18.71.0,IN,App Store (RSS fallback),960335206,,
Sadofu,Two much delivery charge,If i have placed an order of Rs.599 then i have to pay 611 that is so much,3,2026-07-26T05:00:13-07:00,18.71.0,IN,App Store (RSS fallback),960335206,,
Bestt apppp in india,Bestt app,Blinkit is so much useful nd fastt in delivery! I have never ever received an bad packaging or expired food! Love if,5,2026-07-26T03:46:57-07:00,18.71.0,IN,App Store (RSS fallback),960335206,,
dvtsbhsddwnnh,Life saver,"My thanks may not enough for Blinkit in Bihar for me .its life saver for my father .my father in post recovery at home two week back and something was not good and someone told me to chek his sugar but i had nothing at home .
It was 11.30 night and i placed order on Blinkit for accu chek device it came in 10 minute while cheke sugar was deadly dropped to just 22 only .
So that night Blinkit and god saved my father .thanks Blinkit",5,2026-07-26T03:12:57-07:00,18.71.0,IN,App Store (RSS fallback),960335206,,
pank r,Order,Don’t west time order it,5,2026-07-26T02:56:33-07:00,18.71.0,IN,App Store (RSS fallback),960335206,,
MadhavSood🫶,Love For Blinkit ❤️,"Loving In My City… Hoshiarpur, Punjab❤️",5,2026-07-26T02:23:11-07:00,18.71.0,IN,App Store (RSS fallback),960335206,,
Louis Anto,Unable to connect,"9th July Rs 411 was debited my account. No item was delivered. Still amount not refunded. Bank side told amount credited to blinkit .
I cannot contact any of the people from admin side",1,2026-07-26T01:46:57-07:00,18.71.0,IN,App Store (RSS fallback),960335206,,
Dk1077,Service,Service is faster than click,5,2026-07-26T00:35:04-07:00,18.71.0,IN,App Store (RSS fallback),960335206,,
Sukhman Sra,Fraud,This application is a fraud and this was happened twice in a day with me I ordered a shampoo bottle and when I received the item the bottle was empty and I take zero help from the store near me as well as the customer care team they said we cannot do anything when I said I want exchange they are making people fool and please don’t use this application if don’t want to waste your money and time.,1,2026-07-26T00:13:37-07:00,18.71.0,IN,App Store (RSS fallback),960335206,,
Subham1122,Major Lag in iPhone 15 Plus,"App is great for quick delivery, but major lag issues on iPhone 15 Plus.

When I go inside Blinkit > Category > Sub-category > Product page, the FPS drops hugely and scrolling becomes very laggy. Response time is also very high while opening items inside sub folders/containers.

Please fix the performance and optimization for iPhone 15 Plus. Love the service, but this makes browsing painful.",2,2026-07-26T00:04:26-07:00,18.71.0,IN,App Store (RSS fallback),960335206,,
manijoshi,What else you want ?,They are beating amazon now … congratulations,5,2026-07-25T22:25:43-07:00,18.71.0,IN,App Store (RSS fallback),960335206,,
Baran Here,Products Not Returnable,"product is not returnable and no where it has mentioned , bad experience… i have uninstalled and deleted the app. You lost a customer 😊..",1,2026-07-25T22:19:11-07:00,18.71.0,IN,App Store (RSS fallback),960335206,,
Gpvskk12345,Non-delivery of items and no automatic refund too,"A regular customer of Blinkit here. However, of late, there is a tendency that items are either not available or not delivered, and shown as delivered. The delivery person doesn’t inform you about non-availability of the items/items not being delivered. After delivery, one has to check item-wise, and make sure everything has been delivered, which is quite a task. And then one has to contact the customer care for redelivery/refunds. No automatic processing from Blinkit’s end, unlike other platforms like Milk Basket. 

I ordered twice on Blinkit today, and both the times, items were missing. On contacting customer care, I was informed that some items were not available, and some were available, but not delivered. And in case of small value items, they don’t do re-delivery, they only process refunds, that too without refunding handling / delivery charges. 

Extremely unprofessional attitude from Blinkit!!",1,2026-07-25T21:57:06-07:00,18.71.0,IN,App Store (RSS fallback),960335206,,
Badrisankar,Please show amount & breakup before going to payment app,When the customer taps on order the cart and bill details with delivery charges if any should be transparently shown to the customer and not to the payment page directly,3,2026-07-25T21:33:26-07:00,18.71.0,IN,App Store (RSS fallback),960335206,,
Sachin Sharan Srivastava,Great job guys,Really impressed,5,2026-07-25T21:26:21-07:00,18.71.0,IN,App Store (RSS fallback),960335206,,
Mrityunja,Irritating,Delivery man calls on average of 6-10 times. Why???,1,2026-07-25T21:09:15-07:00,18.71.0,IN,App Store (RSS fallback),960335206,,
aksgh_117,Best App for Daily Needs,Quick and Instant way to  get delivered all your instant needs,5,2026-07-25T20:11:36-07:00,18.71.0,IN,App Store (RSS fallback),960335206,,
J v Bhat 💯,Yes it’s true but the code was automatically updated after 30 minutes so it was a good service,I am very happy with the fresh Quality grocery service delivery of Blinkit awesome company keep it up God bless keep shining.Also stock herbs too like fresh lemongrass please thanks 👌 also some cash discounts card based ?,5,2026-07-25T19:01:44-07:00,18.70.0,IN,App Store (RSS fallback),960335206,,
Zayn8668,Gift card,The gift card i sent to someone was delivered without pin,1,2026-07-25T18:02:25-07:00,18.69.0,IN,App Store (RSS fallback),960335206,,
Sawinay,Thank YOU SO MUCH,Thank you BLINK IT FOR PROVIDING US YOUR LATE NIGHT HELP,5,2026-07-25T13:38:35-07:00,18.71.0,IN,App Store (RSS fallback),960335206,,
RajeshKumarRajput,No payment option works,"None of the payment options are working,

Update: this dumb app stop accepting any payment and mark any payment as invalid, if i add amex card for payment, so fix your app instead of asking customers to send emails, no one is free enough to send you emails on bugs in your app, its your development and testing team’s job, customers are paying you and not the other way around, so stop wasting customers time and fix it before you start loosing more customers.",1,2026-07-25T12:05:44-07:00,18.71.0,IN,App Store (RSS fallback),960335206,,
aamirsaif,Helpful,Really helpful in need,5,2026-07-25T11:02:13-07:00,18.71.0,IN,App Store (RSS fallback),960335206,,
Hemchicku,Superb services,Blinkit never disappointed,5,2026-07-25T11:01:13-07:00,18.71.0,IN,App Store (RSS fallback),960335206,,
Ajay dholpuria,Bad policy,Not retune items,1,2026-07-25T10:51:11-07:00,18.71.0,IN,App Store (RSS fallback),960335206,,
FAVORITEEEEEE🤫,Rate,Love it it’s my go to,5,2026-07-25T10:44:33-07:00,18.71.0,IN,App Store (RSS fallback),960335206,,
BlinkIt GrabIt,Excellent,I Have Since So Long I Have No Complaints,5,2026-07-25T10:12:23-07:00,18.71.0,IN,App Store (RSS fallback),960335206,,
ssalah87821,High prices,Too high prices and delivery charges,1,2026-07-25T10:03:03-07:00,18.71.0,IN,App Store (RSS fallback),960335206,,
Shreya-K,Disappointed experience,There is no customer care number to reach out for any assistance and there is very limited option in chat which you select and the conversation gets closed on its own without resolution,1,2026-07-25T09:32:39-07:00,18.71.0,IN,App Store (RSS fallback),960335206,,
Triptinag,Best app for instant orders,I have been using Blinkit for almost 2 yrs and it has been addictive for everything it has,5,2026-07-25T09:14:22-07:00,18.71.0,IN,App Store (RSS fallback),960335206,,
DrRaviKT,Appreciate service during rainy season,Good service even during challenging time. God bless you all,5,2026-07-25T07:44:09-07:00,18.71.0,IN,App Store (RSS fallback),960335206,,
Umwalker,Review,"Blanket is a very good service, but you’re getting careless with the things that you are sending so please make sure that the vegetables are fresh and the bread is soft and it gets there in time",5,2026-07-25T06:48:48-07:00,18.71.0,IN,App Store (RSS fallback),960335206,,
ya1298,Items missing,Every order has some items missing which should be complaint by us. And the resolution is also not provided immediately.,1,2026-07-25T06:41:09-07:00,18.71.0,IN,App Store (RSS fallback),960335206,,
Bahut parry hai,Excellent,It is very comfortable 👍,5,2026-07-25T06:26:58-07:00,18.71.0,IN,App Store (RSS fallback),960335206,,
AriMa80,Plastic pollution,Why use plastic bags? Why cant u use paper bags like bigbasket,1,2026-07-25T06:04:49-07:00,18.71.0,IN,App Store (RSS fallback),960335206,,
Sidd GJ04,Good app,Good app for last minute shopping,5,2026-07-25T05:52:15-07:00,18.71.0,IN,App Store (RSS fallback),960335206,,
kavitasattri,Delivery,"Very fast ,good stuff,helpful 👍",5,2026-07-25T04:57:18-07:00,18.71.0,IN,App Store (RSS fallback),960335206,,
Judicious D Souza,Judicious,Very helpful app,5,2026-07-25T04:04:47-07:00,18.71.0,IN,App Store (RSS fallback),960335206,,
——-/.,Poor experience and customer service,"Poor customer service. @letsblinkit surprised to see such poor level of customer service. I ordered an I phone type c charger, picked the wrong one in hurry. Realised my mistake as i wanted a charger for  16plus but got the one used for other variants “1 x type C to lightning cable. Requested for a replacement, was denied outrightly.",1,2026-07-25T03:54:22-07:00,18.71.0,IN,App Store (RSS fallback),960335206,,
taekwondo.navi.mumbai,Rapido captain,Mene first time rapido book kiya tha 260 ka  o aaya usne OTP LIYA usne hame choda hamare locations par fir yaha se kahani start hoti hai usne hara locations par choda aur paise mene diye ride 260 ki mene usko 500 diya usne bola me aap phone pe baki ke paise mar deta hu mene thik hai bola tho usne paise mare feck phone pe se mere pass paisa nhi aaye mene usko bola paise nhi aaye hai usne bola dekho mene bhej diya hai lekin mene bola nhi aaye hai fir usne gadi start kar ke bhag gaya toh mene repido se complain bhi ki rapido helpline bolti hai aap ne case diya hai toh ham kuch nhi kar skte hai,1,2026-07-25T03:31:40-07:00,18.71.0,IN,App Store (RSS fallback),960335206,,
Heisenberger67,I not like the name,It should be blink sit not blinkit it aounds gat,1,2026-07-25T02:28:37-07:00,18.71.0,IN,App Store (RSS fallback),960335206,,
Dalla system,Shame,Sharam karlo thodi,1,2026-07-25T02:23:56-07:00,18.71.0,IN,App Store (RSS fallback),960335206,,
R PADMINI,Super,You should open service in Chengalpattu also,4,2026-07-25T02:23:15-07:00,18.71.0,IN,App Store (RSS fallback),960335206,,
LiptonArunava,Seal Broken,Last time the bread I have ordered! The seal of the bread was opened!,1,2026-07-25T01:53:07-07:00,18.71.0,IN,App Store (RSS fallback),960335206,,
Shrikant Varanasi,Improper deliveries without confirming,Multiple times recently blinkit is delivering orders to somebody else's place. Delivery partner doesnt bother checking on call or text before placing it at  doorsteps of wrong address. Loss of our money and time,1,2026-07-25T01:29:16-07:00,18.71.0,IN,App Store (RSS fallback),960335206,,
ankurs3thi,"Good app, but I don’t like being prompted for reviews",I don’t like it when apps ask me to review them. I’m already a paying user. Stop bothering me with pop-ups. Have some respect for your users.,1,2026-07-25T01:28:49-07:00,18.71.0,IN,App Store (RSS fallback),960335206,,
ടയറിലെ കാറ്റഴിച്ചു വിട്ടവൻ,മോശം,മോശം എന്ന് പറഞ്ഞാൽ വളരെ മോശം,1,2026-07-25T01:20:08-07:00,18.71.0,IN,App Store (RSS fallback),960335206,,
Rojer1,Very Good Service,Very Good service,5,2026-07-25T01:03:58-07:00,18.71.0,IN,App Store (RSS fallback),960335206,,
TheIgnited2017,Re: bending down to the dictatorship,You know the reason,1,2026-07-25T01:03:44-07:00,18.71.0,IN,App Store (RSS fallback),960335206,,
PrabhjotSingh14,Thank you,"Thank You for starting your services in our area, we hope you will continue for future.",5,2026-07-25T00:58:41-07:00,18.71.0,IN,App Store (RSS fallback),960335206,,
Haque Musharaf,Very bad experience,I cancelled an order and they provided me promocode as refund i disagreed and asked them to refund to my original source it 10days passed and no solution provided worst support team use ZEPTO instead they have better support team,1,2026-07-25T00:36:49-07:00,18.71.0,IN,App Store (RSS fallback),960335206,,
Kaka Blinkit app very good,Jassi,Very good Blinkit app Thnx,5,2026-07-25T00:02:11-07:00,18.71.0,IN,App Store (RSS fallback),960335206,,
Riyuuu9,Price,Prices are more than most other instant delivery apps,3,2026-07-24T23:56:09-07:00,18.71.0,IN,App Store (RSS fallback),960335206,,
Wisestpik,LEARN HOW TO GROW A SPINE BEFORE PROFITING OFF FROM THE YOUTH NEXT TIME,Absolutely disgusting how these apps benefit off of from the youth constantly but have stopped serving to the protesters at jantar mantar when in asked for support in exchange,1,2026-07-24T23:17:10-07:00,18.71.0,IN,App Store (RSS fallback),960335206,,
Tring Tring Tring,Shame on You!,Support students!,1,2026-07-24T23:05:03-07:00,18.71.0,IN,App Store (RSS fallback),960335206,,
rjsh@1979,Service,Quick and prompt delivery,5,2026-07-24T22:33:39-07:00,18.70.1,IN,App Store (RSS fallback),960335206,,
Charvi Hp,Unwanted charges being added,Unnecessary charges being added. If user overlooked then that will continue. So refrained from this to avoid unwanted burden on user or customer,1,2026-07-24T22:31:34-07:00,18.70.1,IN,App Store (RSS fallback),960335206,,
R R Bakers,Delivery,Time to time delivery and nice packing,4,2026-07-24T22:25:48-07:00,18.70.1,IN,App Store (RSS fallback),960335206,,
Monika701,Quick Delivery,Quick and efficient delivery,5,2026-07-24T21:59:38-07:00,18.70.1,IN,App Store (RSS fallback),960335206,,
Chutiya bna re,Worst,Worst experience,1,2026-07-24T21:52:18-07:00,18.70.1,IN,App Store (RSS fallback),960335206,,
Manojmeshram,Wonderful!,I could order just within a minute,5,2026-07-24T21:50:09-07:00,18.70.1,IN,App Store (RSS fallback),960335206,,
Ashutosh00000005,Fresh milk and vegetables,Fresh milk and vegetables should come,2,2026-07-24T21:48:17-07:00,18.70.1,IN,App Store (RSS fallback),960335206,,
Boy with a smile,Delivery Boy,"Blinkit you are doing good job, as well as this time delivery boy was very polite and gently handled the parcel with a smile . You made my day with that sweet innocent smile. Bigs thanks from me Bhagyashree Arvind Ban .",5,2026-07-24T21:47:23-07:00,18.70.1,IN,App Store (RSS fallback),960335206,,
Harry{@2,Ongoing protest contribution stopped,"Your team is full of coward and specially you , on protest you didn’t server food , thousand of students starving there . Shame on you.",1,2026-07-24T21:09:54-07:00,18.70.1,IN,App Store (RSS fallback),960335206,,
shivanij6,Blinkit,Nobody carries change and the manger is rude,3,2026-07-24T21:08:46-07:00,18.70.1,IN,App Store (RSS fallback),960335206,,
Drfarazhanafi,Rude delivery boys,Earlier it was good bt nw the delivery boys r soo rude..one of them even fought with me on phone as he wanted me to come to him to take my order .. if i hv to cm to take my order then whts the point of blinkit??,1,2026-07-24T20:40:07-07:00,18.70.1,IN,App Store (RSS fallback),960335206,,
kulsum458,Time and price,There’s no reduction in price and also surge charge and always takes too long time to reach the destination not happy with the app,1,2026-07-24T19:49:31-07:00,18.70.1,IN,App Store (RSS fallback),960335206,,
Fredadabai,Excellent,Service is really Good and the Staff is Polite.🙏,5,2026-07-24T19:22:53-07:00,18.70.1,IN,App Store (RSS fallback),960335206,,
Rohitd143,Pluxe card is very difficult to use,Very bad experience,1,2026-07-24T18:54:42-07:00,18.70.1,IN,App Store (RSS fallback),960335206,,
Sukhi00007,Services at Delhi is poor and fraud sometimes,"Few areas where their service providers are really not worthy for the company. It happened many times- after paid the amount I couldn’t receive the items… and the funny part is after having a chat with the customer care, couldn’t received the amount back… happened twice.. I can claim what I said… it’s not the story, it’s a fact… They need to build the strong connection so far.. rest all fine",4,2026-07-24T18:25:44-07:00,18.70.1,IN,App Store (RSS fallback),960335206,,
Rasool mohammed khan,Vegetables,So convenient to order at 3:10 am . Thanks for understanding the customers,5,2026-07-24T14:41:03-07:00,18.70.1,IN,App Store (RSS fallback),960335206,,
sunnghhrtats,?,"very high products, everything is there and very low service",1,2026-07-24T13:07:48-07:00,18.70.1,IN,App Store (RSS fallback),960335206,,
jotu56,Protest,Godi supporters they stopped services at jantar mantar,1,2026-07-24T13:04:06-07:00,18.70.1,IN,App Store (RSS fallback),960335206,,
Pritam Kininge,You stop service at Jantar Mantar,The darkest place in hail reserved for those who stay silent when needed,1,2026-07-24T12:44:12-07:00,18.70.1,IN,App Store (RSS fallback),960335206,,
Khattyan,India ki jaan,Blinkit just blink your eyes and they will deliver,5,2026-07-24T12:31:42-07:00,18.70.1,IN,App Store (RSS fallback),960335206,,
Vickyji 143,Charging too much,Charging too much and not dilivering on time,1,2026-07-24T12:28:40-07:00,18.70.1,IN,App Store (RSS fallback),960335206,,
Naik Dhyey,Service,Perfect service that consumer wants,4,2026-07-24T10:55:39-07:00,18.70.1,IN,App Store (RSS fallback),960335206,,
Mrs. Zaidi,Necessities,Most convenient app for your daily necessities,5,2026-07-24T10:29:01-07:00,18.70.1,IN,App Store (RSS fallback),960335206,,
Anuj kharat,Blinkit: Groceries & more,"Ultra-Fast Delivery: Delivers daily essentials, groceries, electronics, and household items within 10–15 minutes.
Wide Variety & Expansion: Beyond groceries, it now offers electronics, apparel, beauty products, printouts, and seasonal items",5,2026-07-24T10:13:47-07:00,18.70.1,IN,App Store (RSS fallback),960335206,,
Manwesh,Worst delivery app,"Worst delivery executives… 
Damaged products deliveres. Not even refund or exchange options are available.",1,2026-07-24T09:45:17-07:00,18.70.1,IN,App Store (RSS fallback),960335206,,
AJBubbleJokerDash,Blink Loot,While proceeding for final checkout they never show the bill preview so that no one can see the hidden charges they will apply post order. We were usually making 2-3 orders per day then finally we noticed this fishy thing and this will be the last order I had placed.  Guys be careful before you get robbed and by the time you will realize it will be too late.,1,2026-07-24T09:07:26-07:00,18.70.1,IN,App Store (RSS fallback),960335206,,
Call me varun,Worst app,Worst app ever they don’t support their customers. They don’t do any help,1,2026-07-24T09:06:27-07:00,18.70.1,IN,App Store (RSS fallback),960335206,,
Vedant2884,High free delivery charges,High free delivery charges,1,2026-07-24T09:02:41-07:00,18.70.1,IN,App Store (RSS fallback),960335206,,
SangeetRaj,Little Costly,In the blinkit app.. all products are little bit costly then zepto,3,2026-07-24T08:54:37-07:00,18.70.1,IN,App Store (RSS fallback),960335206,,
Sharma C L,Good service,Very convenient and fast service 👍🏼,5,2026-07-24T08:33:58-07:00,18.70.1,IN,App Store (RSS fallback),960335206,,
M S Saini,Shame on you,"Suspending services at the Jantar Mantar protest site without any valid reason reflects the cheap mindset of a cheap company. I genuinely trusted and loved Blinkit, but this action reveals the company’s mentality and submissive attitude.",1,2026-07-24T08:23:46-07:00,18.70.1,IN,App Store (RSS fallback),960335206,,
Palkyila,Great,Super fast deliver 🙏🏻,5,2026-07-24T08:02:53-07:00,18.70.1,IN,App Store (RSS fallback),960335206,,
Roopa Nataraj,"Stopped Deliveries at Jantar Mantar? Disappointing, Blinkit","Because you stopped delivering to Jantar Mantar, this is really disappointing. Shame on you, Blinkit",1,2026-07-24T07:49:33-07:00,18.70.1,IN,App Store (RSS fallback),960335206,,
Kitkutty,Product,Good natural quality 🫶🏻❤️,5,2026-07-24T07:35:04-07:00,18.70.1,IN,App Store (RSS fallback),960335206,,
Manni 18,Raw chicken,"The chicken I ordered is stinking , it’s pale",1,2026-07-24T07:28:23-07:00,18.70.1,IN,App Store (RSS fallback),960335206,,
Madiha Mehek,No refund is available,My money got stuck 3 times and promised to payback after some days but i never got refund,3,2026-07-24T07:00:44-07:00,18.70.1,IN,App Store (RSS fallback),960335206,,
Adeethpro,Very good,"Thunder, quick delivery",5,2026-07-24T06:45:04-07:00,18.70.1,IN,App Store (RSS fallback),960335206,,
Ranjith1111,Additional charges,Charging handling fee for 400 bill also.,1,2026-07-24T06:25:26-07:00,18.70.1,IN,App Store (RSS fallback),960335206,,
Facing worst experience,For not resolving my problem,"I am extremely disappointed with my experience today. I have been a regular Blinkit customer for a long time and have always trusted the platform for quick and reliable deliveries. However, this order completely broke that trust.

I placed an order worth over ₹5,000, and to my surprise, three products were missing from the delivery. It is unacceptable that such a high-value order was dispatched without proper verification. As a customer, I paid for every single item, so I expected every item to be delivered correctly.

What made the experience even worse was Blinkit’s customer support. Instead of helping me resolve the issue, they were completely unhelpful. Despite clearly explaining that three products were missing, I did not receive the support or resolution I expected. As a loyal customer, I expected my concern to be taken seriously, but I was left feeling ignored and frustrated.

I use Blinkit almost every day and have always preferred it over other grocery delivery apps because of its convenience and reliability. Unfortunately, this incident has completely shaken my trust in the platform. Missing multiple products in a single order reflects a serious failure in quality control, and poor customer support only makes the situation worse.

Customers should not have to waste their time proving that products were missing, repeatedly contacting support, or struggling to get a fair resolution for mistakes that were not theirs. This entire experience has been stressful, frustrating, and highly disappointing.

I sincerely hope Blinkit improves both its order verification process and its customer support. Until then, I cannot confidently recommend Blinkit, especially for expensive or high-value orders. If a company cannot ensure that customers receive everything they paid for—or provide proper support when something goes wrong—it seriously damages customer trust.

This has been one of the worst customer service experiences I’ve had. Very disappointing.",1,2026-07-24T05:39:02-07:00,18.70.1,IN,App Store (RSS fallback),960335206,,
Not nice work,Worst,"Worst app I have ever seen. Very bad we we didn’t order the thing and the money was cut from our bank. It was around thousand and it is not less thousand guys and they did it returned us. It is being a week. They didn’t return our money back so bad blanket. I guess Zepto is better than blanket and big basket is best, so I prefer I prefer, don’t to use blanket, but I have to use because there is no other app in our city, except Blinkit",1,2026-07-24T05:37:03-07:00,18.70.1,IN,App Store (RSS fallback),960335206,,
Osume product,Fast delivery,Good quality product,5,2026-07-24T05:36:41-07:00,18.70.1,IN,App Store (RSS fallback),960335206,,
Venkata giri,Very good keep it up,I request you humble request for Kings red Sleek we need money. Please request you to please have a stock.,5,2026-07-24T05:25:11-07:00,18.70.1,IN,App Store (RSS fallback),960335206,,
Saurya16,Helping hand to the nation,Keep up with this service especially with the Ambulance introduction you guys did ✌🏼,5,2026-07-24T05:07:03-07:00,18.70.1,IN,App Store (RSS fallback),960335206,,
Miss Kany,Shame on you,"Start delivering at Jantar mantar, otherwise mass boycott will happen.",1,2026-07-24T04:33:43-07:00,18.70.1,IN,App Store (RSS fallback),960335206,,
AMIT SAKHARAM JADHAV,shame on Blinkit,Shame on Blinkit,1,2026-07-24T04:32:33-07:00,18.70.1,IN,App Store (RSS fallback),960335206,,
ksn Rhl,Poor delivery,Very bad app and delivery,1,2026-07-24T04:00:58-07:00,18.70.1,IN,App Store (RSS fallback),960335206,,
Kinikir,Unable to install,I used it very frequently uninstalled for some reason somehow it’s just turning and never getting installed,1,2026-07-24T03:48:21-07:00,18.70.1,IN,App Store (RSS fallback),960335206,,
Black shadow 95,Godi,"Delivery was not available to Jantar Mantar, Delhi Very disappointing.",5,2026-07-24T03:26:12-07:00,18.70.1,IN,App Store (RSS fallback),960335206,,
Hahahapurvahaha,Best app,Life saver and kalyung ka most imp part alas ka supporter blinkit bhai,5,2026-07-24T02:41:42-07:00,18.70.1,IN,App Store (RSS fallback),960335206,,
Themohanreddy1,Good,Useful app for bangalore lazy people,5,2026-07-24T02:18:37-07:00,18.70.1,IN,App Store (RSS fallback),960335206,,
Jinal0801,Boycott,Suspended delivery at jantar mastar during peaceful protest,1,2026-07-24T00:54:40-07:00,18.70.1,IN,App Store (RSS fallback),960335206,,
My lil experience with you,Handling charge and limited qty,I wanted to buy a hair color worth 374 and they added handling charge to it making it 391.. which I understood was fine but then I wasn’t allowed to add two quantities . So it’s like I need to buy twice and pay for handling charges for the same product I know I want at the same time..,4,2026-07-24T00:31:24-07:00,18.70.1,IN,App Store (RSS fallback),960335206,,
JK Haniya,Misleading service availability,"The app shows that my location is serviceable and allow me to browse products. Add them to my cart and Proceed to check out. Only at the final step does it display “ Store is temporarily unavailable, Please try again sometime” - again and again. This is frustrating waste of the customer time. If the store is unavailable. The app should clearly indicate that before lettering users user Shop.

Another major issue is the lack of an option to permanently delete my account. Now, I don’t want to use the Flipkart services, I should have the right to permanently remove my account and personal data instead of living it stored on your server. 

advise how to delete my account permanently?",1,2026-07-23T23:24:30-07:00,18.70.1,IN,App Store (RSS fallback),960335206,,
Rishiuppal07,Overhyped Quick Delivery App,"Most Products are prices higher than all competitors(Flipkart Minutes,Amazon Now,Swiggy Instamart,Zepto,Bigbasket Now,Jiomart) with hardly any offers(payment) with high delivery charges and handling charges which most players in this domain aren’t charging any on minimum order value as less as 99 bucks.
I hardly order on Blinkit because of these charges imposed on the customer.
But sometimes we are forced to order certain items which aren’t available elsewhere.
You aren’t a niche player.
Please try and understand.
Just having a catchy name wouldn’t let you survive long in this cut throat market.
We all saw what happened with Paytm despite having first mover advantage.",1,2026-07-23T22:58:37-07:00,18.70.1,IN,App Store (RSS fallback),960335206,,
hs#@,Return policy of a damage product is not good,I ordered body weight machine and it was stop working within 10 days and replacement policy is only for 7 days,1,2026-07-23T21:17:05-07:00,18.70.1,IN,App Store (RSS fallback),960335206,,
Akanksha 89,Rude vendor,It’s disheartening that the vendor is so rude regarding the coins given,1,2026-07-23T20:41:22-07:00,18.70.1,IN,App Store (RSS fallback),960335206,,
Harpal111,Limited assortments,Limited assortments and limited offers,1,2026-07-23T18:30:44-07:00,18.70.1,IN,App Store (RSS fallback),960335206,,
Piu@55,Bad service charges,The service charges and types of service charges this platform offers are way too much and not convenient for normal people,3,2026-07-23T18:12:13-07:00,18.70.1,IN,App Store (RSS fallback),960335206,,
klizand,SHAME ON YOU,"Deleting Blinkit.

Shame on you. You built your business on the support of ordinary people, but when it mattered, you chose not to stand with them. Whether or not people agree with your decisions, trust is hard to earn and easy to lose.

People don’t forget who stood by them and who didn’t. I won’t be supporting your platform anymore.",1,2026-07-23T18:03:33-07:00,18.70.1,IN,App Store (RSS fallback),960335206,,
Bewakoof is scam,This Blinkit is a Scam,I order charger on Blinkit and the amount was debited and after a minutes I received a message the teams cannot be delivered and will send a refund in 3-5 business days. It’s already a months I haven’t received any refund,1,2026-07-23T15:34:35-07:00,18.70.1,IN,App Store (RSS fallback),960335206,,
Hardeep9090,Sarkar ke dale,Ye sarkar ke dale hai bha*ve chatu log jantar mantar me food nahi bhej rahe sarkar ki sun ke tum salo bha*vo tumhara adha business ye students se chalta hai aj apni ma ch**a  rahe ho tum log we will boycott u,1,2026-07-23T15:01:23-07:00,18.70.1,IN,App Store (RSS fallback),960335206,,
Havesomeshame,Disappointed,In this high time protest you are not delivering products. Have some shame,1,2026-07-23T12:32:57-07:00,18.70.1,IN,App Store (RSS fallback),960335206,,
Geetminno,Shame,Shame on you . I wish your family face same problem as a protester face,1,2026-07-23T12:21:02-07:00,18.70.1,IN,App Store (RSS fallback),960335206,,
Shriya R13,Blinkit is BS 👎,"Losers, take the L.",1,2026-07-23T11:35:10-07:00,18.70.1,IN,App Store (RSS fallback),960335206,,
sagarOceanix,God bless this app,"Love it, the UI is too good",5,2026-07-23T11:12:54-07:00,18.70.1,IN,App Store (RSS fallback),960335206,,
Indian student69,Anti india,This app works against india and its students. Bsdiwalon protest site pe order bhijwao,1,2026-07-23T10:17:28-07:00,18.70.1,IN,App Store (RSS fallback),960335206,,
Studentjan,Not working,At the time of protest corporate took his side,1,2026-07-23T10:15:24-07:00,18.70.1,IN,App Store (RSS fallback),960335206,,
ms757511,No doubt,No doubt it is last moment app in India,5,2026-07-23T09:54:41-07:00,18.70.1,IN,App Store (RSS fallback),960335206,,
Srrks,Good Service,Any time we can do shopping along with printing out mad our life very convenient specially for those who cannot go in night,5,2026-07-23T09:53:43-07:00,18.70.1,IN,App Store (RSS fallback),960335206,,
Jd1234de,ICICI bank does not work in this,ICICI bank does not work in this,1,2026-07-23T09:09:10-07:00,18.70.1,IN,App Store (RSS fallback),960335206,,
Rohit_Garg,No support. No business,"Uninstalling if you can’t support our students and deliver to the delhi protest site. Then we don’t need you. There are many platform’s are available, and I will encourage everyone to uninstall your app. Lets see how the gov supports you then.",1,2026-07-23T07:31:05-07:00,18.70.1,IN,App Store (RSS fallback),960335206,,
Rockstar Twinkle,Support team is very poor,"After multiple attempts, their support team will not understand and they don’t have a genuine issue resolution as they can’t provide the resolution so they just give the mail and say sorry and nothing else it is really a bad service which you Blinkit will provide too their customer. Very dissatisfaction and it’s completely waste of customer money. They don’t value the customer time and money, and if you order and if something happen, they don’t provide any return refund or any support of this. They just ignore.",1,2026-07-23T07:19:06-07:00,18.70.1,IN,App Store (RSS fallback),960335206,,
Rishi<23,Boycott,Worst app block report this app and avoid ordering from these apps,1,2026-07-23T06:30:22-07:00,18.70.1,IN,App Store (RSS fallback),960335206,,
PuneBaner,Additional charges at the end of payment,Additional charges at the end of payment,1,2026-07-23T05:31:02-07:00,18.70.1,IN,App Store (RSS fallback),960335206,,
Salvatore2345,Absurd fees,"It’s been a while since i started using blinkit and never complained before but suddenly you guys increased the handling fees to ₹9 when you don’t even handle the products well as often i get soggy ice creams and dirty packets! On top of that your absurd policy of free delivery on products over ₹199, otherwise delivery charge of ₹30! Do you seriously expect us to order products worth ₹199 every single time??!! Not everyone can afford to order products at this much price every single time! And the delivery fees is too much! The blinkit store in my area isn’t even far it’s just 5-7 minutes away and still you are charging so much from your customers at least lower the minimum amount required for free delivery!",2,2026-07-23T04:46:28-07:00,18.70.1,IN,App Store (RSS fallback),960335206,,
heena dev,Supper,Very fast delivery liked it y,5,2026-07-23T03:37:59-07:00,18.70.1,IN,App Store (RSS fallback),960335206,,
Vishnu Vizs,Fraud Application guys. Don't install,Item received is entirely different from whats shown. & There is absolutely 0 customer care. No way to chat with them or call them.,1,2026-07-23T01:03:01-07:00,18.70.1,IN,App Store (RSS fallback),960335206,,
MehakGarg,Ordered a bouquet. Got one full of insects,"I ordered a bouquet which was delivered in nice packaging. On touching the flowers I noticed so many little insects crawling inside it. My skin started itching and I am not allergic to any flowers. When I tried to reach customer support, they just kept closing the chat - no conversation, no attempted resolution, no reverse pickup or refund! Not even an apology.",1,2026-07-22T23:57:21-07:00,18.70.1,IN,App Store (RSS fallback),960335206,,
Anilkumar anil,No offers and no discount,No offers and coupon also not given campare to other blinkit waste,1,2026-07-22T23:42:37-07:00,18.69.0,IN,App Store (RSS fallback),960335206,,
Yashasnanda,Only giving 5 stars because of no platform fee,Only because of low convenience fee,5,2026-07-22T23:09:41-07:00,18.70.1,IN,App Store (RSS fallback),960335206,,
Sree6692,Poor support,Order gets cancelled without notification and customer support is a cheat. Worst support team.,1,2026-07-22T22:35:09-07:00,18.70.1,IN,App Store (RSS fallback),960335206,,
Sanjeeta singh,About shopping,"Blinkit has completely changed the way I shop for groceries and daily essentials. The delivery speed is genuinely mind-blowing,I don't know how they do it! The app is super user-friendly, making it easy to browse and find exactly what I want . The products are always fresh, well-packaged, and reasonably priced. Highly recommend to anyone looking for convenience and speed.",5,2026-07-22T22:26:21-07:00,18.70.1,IN,App Store (RSS fallback),960335206,,
Shubh💪🏻,Oats,Fab delivery 😊👍🏻,4,2026-07-22T21:49:16-07:00,18.70.1,IN,App Store (RSS fallback),960335206,,
PradipGudle,"Best app, fast delivery","I ordered couple of products from this app and delivered of products is very fast, it’s only 15 min. If you required anything urgent you can simply order from blinkit.",5,2026-07-22T21:32:20-07:00,18.70.1,IN,App Store (RSS fallback),960335206,,
Parth82patel,Bakwaas app,No support from customer care its fraud,1,2026-07-22T21:27:26-07:00,18.70.1,IN,App Store (RSS fallback),960335206,,
Mrs patnaik,Fraud,Take money and didn’t give products,1,2026-07-22T21:19:15-07:00,18.70.1,IN,App Store (RSS fallback),960335206,,
##123######,# SCAM,"I’ve received Buffalo Milk package with scratched mfg and expired date on packet. After complaining regarding this they asked me for proper image with mfg and expired date for refund.  And they have rejected. 

Serious Concern.",1,2026-07-22T21:09:38-07:00,18.70.1,IN,App Store (RSS fallback),960335206,,
Ashaz Emam,Return policy,"Please be careful while ordering stuff, there is no return policy for the ordered products.",1,2026-07-22T20:49:30-07:00,18.70.1,IN,App Store (RSS fallback),960335206,,
Ankush Jat,Pakaging,"Very poor quality of packaging of handover 
All most all time it’s gets teared up due to moisture and heavy load",2,2026-07-22T20:39:50-07:00,18.70.1,IN,App Store (RSS fallback),960335206,,
bholiba,Good helper,"With the help of blinkit , now we have no worries to collect so many groceries or other household things . All r available at home within few minutes 🙏",5,2026-07-22T19:54:35-07:00,18.70.1,IN,App Store (RSS fallback),960335206,,
Priya N Jain,Extra charges,Unnecessary surge you apply within seconds,1,2026-07-22T18:45:17-07:00,18.70.1,IN,App Store (RSS fallback),960335206,,
Shm 31,Weapons,Your partners carry weapons,1,2026-07-22T15:55:59-07:00,18.70.1,IN,App Store (RSS fallback),960335206,,
Adv sahab,Extra Charges,I don’t understand why Blinkit add extra charges in the name of handling fees night charge and all I order here regularly but never got extra discount for being a regular customer,1,2026-07-22T12:50:43-07:00,18.70.1,IN,App Store (RSS fallback),960335206,,
Av Singh Dr.,Worst app for deliveries,Always late and terrible delivery service.,5,2026-07-22T12:20:23-07:00,18.70.1,IN,App Store (RSS fallback),960335206,,
sammanuja,Not ordering again from this app,"For quick 10min order, first deliver a defective product and then take another 45 mins to waste my time and initiate refund and expect cinematic level of video recording from all angle explaining the issue. Pls also pay me for the video skills I have used to record the video for your convenience and for the time I wasted which I was trying to save with 10min delivery  😒 pathetic",1,2026-07-22T10:04:46-07:00,18.70.1,IN,App Store (RSS fallback),960335206,,
RTaran,Delivery partner harassment,Had a terrible experience with the delivery agents,1,2026-07-22T09:45:49-07:00,18.70.1,IN,App Store (RSS fallback),960335206,,
Herry Bragta,Good service provide,Beautiful service system all staff are good,5,2026-07-22T09:38:30-07:00,18.70.1,IN,App Store (RSS fallback),960335206,,
Hpui13,Wow,Fast and good delivery,5,2026-07-22T09:32:01-07:00,18.70.1,IN,App Store (RSS fallback),960335206,,
Pinunanu,Easy and simple,Excellent Service,5,2026-07-22T09:30:27-07:00,18.70.1,IN,App Store (RSS fallback),960335206,,
Sharma’s family,IT’s Perfect,Perfect source to get everything in minimum time…,5,2026-07-22T09:25:51-07:00,18.70.1,IN,App Store (RSS fallback),960335206,,
Manoj s. pawar,I love Blinkit,Too fast and furious 👍👍👍,5,2026-07-22T09:09:18-07:00,18.70.1,IN,App Store (RSS fallback),960335206,,
Sachneh,Excellent,Excellent it’s very good shop I like the way you did it and it looks great and you are very nice I will definitely look forward for your work,5,2026-07-22T07:12:38-07:00,18.70.1,IN,App Store (RSS fallback),960335206,,
Leoricin,Very good app,Very easy to use all products needed available,5,2026-07-22T06:30:19-07:00,18.70.1,IN,App Store (RSS fallback),960335206,,
MOH Basher,The best,Always the best 🤍,5,2026-07-22T06:16:23-07:00,18.70.1,IN,App Store (RSS fallback),960335206,,
Aishazib,Best app,Convenient and easy way for ordering groceries,5,2026-07-22T06:08:52-07:00,18.70.1,IN,App Store (RSS fallback),960335206,,
Rajuuu12,Bad,"It’s not better app compare to other, no solution and no return option in this app. It’s totally waste",1,2026-07-22T05:35:58-07:00,18.70.1,IN,App Store (RSS fallback),960335206,,
Maulik S. Patel,Just Amazing 🤩,It’s just amazing that what you want will get in just 10 minutes. Like you are a prince and all your wishes are granted 😅,5,2026-07-22T03:41:38-07:00,18.70.0,IN,App Store (RSS fallback),960335206,,
D Thakur,Dark UX to make you order by mistake and poor customer service,"The UX intentionally makes you order the wrong items by placing them in things you search for, like if you search for AAA batteries they would show you a mix of AA and AAA and its natural for people to order in error and then they dont take return",2,2026-07-22T03:31:15-07:00,18.70.1,IN,App Store (RSS fallback),960335206,,
𝑪𝒓𝒂𝒕𝒐𝒓,Best 10 mints app,Service is to good,5,2026-07-22T03:08:10-07:00,18.70.1,IN,App Store (RSS fallback),960335206,,
🙏🎉hh,Koi mujhe jungli kahe,Enjoying the services,5,2026-07-22T02:17:00-07:00,18.70.1,IN,App Store (RSS fallback),960335206,,
Chetan Waskar,Worst Customer Service,Check my chats and calls with yout advisor,1,2026-07-22T01:26:15-07:00,18.70.1,IN,App Store (RSS fallback),960335206,,
Pushpee’s,Awesome app,Very good app. Keep up the good work 😊,5,2026-07-22T00:46:14-07:00,18.70.1,IN,App Store (RSS fallback),960335206,,
Abcdpinu,Abcdpinu,Life is easy after using this,5,2026-07-22T00:40:49-07:00,18.70.1,IN,App Store (RSS fallback),960335206,,
diwakar21,Faulty product no replace or return,"These people are frauds, they send faulty item and then you don’t have option to return or replace.",1,2026-07-21T23:21:53-07:00,18.70.1,IN,App Store (RSS fallback),960335206,,
Citizen blr,Taking for granted abuse customer,They added surcharge 100 plus delivery 30 plus handling 12 for milk costing 24 rupees,1,2026-07-21T20:26:18-07:00,18.70.0,IN,App Store (RSS fallback),960335206,,
SpeedvsMe,Brand,Try to maintain the brands be available regularly,3,2026-07-21T19:37:15-07:00,18.70.0,IN,App Store (RSS fallback),960335206,,
Villa 38,Excellent,What a life saver……amazing app.,5,2026-07-21T19:18:20-07:00,18.70.0,IN,App Store (RSS fallback),960335206,,
sreeaina2000,Speedy delivery,Good range of products & speedy delivery. Return & refund too is instant,5,2026-07-21T18:25:44-07:00,18.70.0,IN,App Store (RSS fallback),960335206,,
Sreemvsree,Stating free delivery above 199 but not giving,Stating free delivery above 199 but making some other reason like surge charge etc and making sure to take the money from customer.,2,2026-07-21T17:57:11-07:00,18.70.0,IN,App Store (RSS fallback),960335206,,
Nitik19,Poor Customer support and riders. All lier using loopholes,My order is delivery state from 1 hour which should be delivered in 20 mins. I don’t know what is this loophole. Both rider and customer support are very pressuring me to cancel the order from a hour but not letting it deliver to me.,1,2026-07-21T16:08:24-07:00,18.70.0,IN,App Store (RSS fallback),960335206,,
1996&1998customer,Pathetic service by the delivery boy,Order directly canceled and the delivery boy just talking nonsense,1,2026-07-21T14:32:15-07:00,18.70.0,IN,App Store (RSS fallback),960335206,,
Mahisasuereee,Fraudster,As long as possible avoid delivering through blinkit they charge the highest prices and deliver short items and when complained also do not appreciate or acknowledge customer issue,1,2026-07-21T14:17:09-07:00,18.70.0,IN,App Store (RSS fallback),960335206,,
Kika;-(-)/₹&:&:&:@:@:@:@,Worst customer support,"Extremely disappointed with Blinkit. I ordered a set of makeup brushes, and the quality was terrible. The bristles were loose and kept falling out, making the product unusable.

What made the experience even worse was the customer support. The chat executive, Samiya, closed the chat before even listening to my complete issue. Instead of trying to help or provide a solution, I was misled and simply told that the product could not be returned.

I have placed many orders with Blinkit as a regular customer, but it seems the company takes no responsibility when a customer receives a defective product. This is the worst customer service I have experienced. If this is how loyal customers are treated, I would rather order from platforms that actually stand behind the products they sell and support their customers when something goes wrong.

Very disappointing experience. I will think twice before ordering from Blinkit again.",1,2026-07-21T12:51:50-07:00,18.70.0,IN,App Store (RSS fallback),960335206,,
Akash c(4,Unavailable products,"Don’t list, if u haven’t got them stored already",1,2026-07-21T11:24:52-07:00,18.70.0,IN,App Store (RSS fallback),960335206,,
sahil1sahil,Bad customer service,They are sending pre saved msgs whenever i complain about delivery and products.no real time customer dealing system,1,2026-07-21T11:00:08-07:00,18.70.0,IN,App Store (RSS fallback),960335206,,
Kiara_kk,Xcellent !!!,Loved the delivery and speed,5,2026-07-21T09:36:12-07:00,18.70.0,IN,App Store (RSS fallback),960335206,,
Vaa pha napoli,Bad luck,Never available when needed,1,2026-07-21T09:17:55-07:00,18.70.0,IN,App Store (RSS fallback),960335206,,
A.k. Sharma Viva,App is always hanged,"Very disappointing experience. The app hangs frequently and often stops working when I need it most. Pages take too long to load, orders fail to process, and the app sometimes freezes completely, forcing me to restart it. For a service that promises quick delivery, the app’s performance is frustrating and unreliable. I hope the developers fix these stability and performance issues as soon as possible.",1,2026-07-21T08:27:29-07:00,18.70.0,IN,App Store (RSS fallback),960335206,,
Jaggguda,Service,Nice service never disappointes,5,2026-07-21T08:05:29-07:00,18.70.0,IN,App Store (RSS fallback),960335206,,
U_M_1,Missing item and no refund/replacement.,"Shame on Blinkit. Two missing-item incidents in one month, and both complaints were dismissed without any transparent explanation. Every response was the same generic script: “our investigation found no discrepancy.” The ‘Grievance office’ too is good for nothing. If this is what Blinkit calls customer service, it has completely lost the trust of its customers. Thieves.",1,2026-07-21T07:49:39-07:00,18.70.0,IN,App Store (RSS fallback),960335206,,
Gajreli,Service related,Very good service,5,2026-07-21T07:44:54-07:00,18.70.0,IN,App Store (RSS fallback),960335206,,
Arul_msw,Good app,Is the most trusted delivery app that i have used,5,2026-07-21T07:39:03-07:00,18.70.0,IN,App Store (RSS fallback),960335206,,
neeraj sharma ropar,Excellent service level,Listens to customer complaints well,5,2026-07-21T07:23:15-07:00,18.70.0,IN,App Store (RSS fallback),960335206,,
Sarah khaleel,Excellent,Excellent service n offers,5,2026-07-21T06:05:41-07:00,18.70.0,IN,App Store (RSS fallback),960335206,,
Adwin Jaiswal,Excellent app,It is the first fastest app for grocery delivery,5,2026-07-21T05:34:30-07:00,18.70.0,IN,App Store (RSS fallback),960335206,,
Jyoti katre,Jyoti katre,"Very helpful ,☺️  thank u Blinkit",5,2026-07-21T04:36:30-07:00,18.70.0,IN,App Store (RSS fallback),960335206,,
kdpvarma,Bill details are missing,Finding bill details are missing,1,2026-07-21T04:10:37-07:00,18.70.0,IN,App Store (RSS fallback),960335206,,
Rakeshh14,Delay,It's shows 15mins but not delivered in 15mins sometimes it's took 2hrs after they cancelled and charged me 35 ruppes cancellation,3,2026-07-21T03:24:08-07:00,18.70.0,IN,App Store (RSS fallback),960335206,,
ShweS1980,Love buying from Blinkit,"Great app, good prices and a fantastic selection of products",5,2026-07-21T03:07:17-07:00,18.70.0,IN,App Store (RSS fallback),960335206,,
Victim 96,Too much delivery charges,Delivery charges increases eqch time which is unfair,1,2026-07-21T01:11:52-07:00,18.70.0,IN,App Store (RSS fallback),960335206,,
Ismah amazing,Cost,The blinkit cost is too high for even those items which do not seem to be that costly without delivery charges i will appreciate if charges are bit less,5,2026-07-21T00:49:25-07:00,18.70.0,IN,App Store (RSS fallback),960335206,,
Ankitfg,Fraud and worst,They charged higher than mrp..i hafe raised a issue on consumer helpline joe,1,2026-07-20T23:10:32-07:00,18.70.0,IN,App Store (RSS fallback),960335206,,
ganeshkrupad,Quick commerce App,Enabling instant gratification,5,2026-07-20T22:33:51-07:00,18.70.0,IN,App Store (RSS fallback),960335206,,
dev92612,rain charge without rain,12 rupees handling charge,1,2026-07-20T21:42:23-07:00,18.70.0,IN,App Store (RSS fallback),960335206,,
Sheethalrk00,Terrible service,Worst delivery service ever.I had ordered groceries to be delivered at my door step and the delivery team refused to do.,1,2026-07-20T21:13:01-07:00,18.70.0,IN,App Store (RSS fallback),960335206,,
Dav2106,Always with you,Love to place orders as everything needed is always available,5,2026-07-20T21:03:44-07:00,18.70.0,IN,App Store (RSS fallback),960335206,,
Exterme2026,delivering worst product,"Delivery guy is really good … but the Saravanampatti delivery location where the order is taken packing those guys are really bad .. they won’t check product , won’t check expiry , damage nothing i’d you go and ask they answer like blink it boss .. very worst ( Location : Saravanampatti - Near Natural saloon location blink it store",1,2026-07-20T20:24:37-07:00,18.70.0,IN,App Store (RSS fallback),960335206,,
Dr Padmanabham Ganne,Very good on emergency,Very good on emergency,5,2026-07-20T19:49:20-07:00,18.70.0,IN,App Store (RSS fallback),960335206,,
girimahii,Great,Always happy to,5,2026-07-20T19:46:56-07:00,18.70.0,IN,App Store (RSS fallback),960335206,,
Shimul Sutradhar,Very helpful app,service is good 100 recommend,5,2026-07-20T19:40:13-07:00,18.70.0,IN,App Store (RSS fallback),960335206,,
Makkaaraand,Best app with best possible quick service,Best possible quick service,5,2026-07-20T19:31:13-07:00,18.70.0,IN,App Store (RSS fallback),960335206,,
Dikshant Patwal,Less items,Items are very less,5,2026-07-20T18:57:47-07:00,18.70.0,IN,App Store (RSS fallback),960335206,,
Neha_28,Orika Products,We didn't find the products up to the mark.,4,2026-07-20T18:47:34-07:00,18.70.0,IN,App Store (RSS fallback),960335206,,
Dolly.212,What a service !!,It’s raining so heavily and still the Blinkit guy was here even before the mentioned time…my kid won’t go hungry to his school becoz of u guys!!thanks a ton!!,5,2026-07-20T18:46:12-07:00,18.70.0,IN,App Store (RSS fallback),960335206,,
very very bad updates,Nicee but when things are not as perfect us the replacement id difficult,Need to inprove here,4,2026-07-20T10:59:49-07:00,18.70.0,IN,App Store (RSS fallback),960335206,,
APAK123,Broken dustbin unit,I was delivered used and broken dustbin unit,1,2026-07-20T10:18:18-07:00,18.70.0,IN,App Store (RSS fallback),960335206,,
Xec.R,"""Poor Service & Frequent Order Cancellations""","Blinkit used to deliver in our area without any issues, but now it always shows **""Currently Unavailable.""** On the rare occasions when it becomes available and I place an order, it gets delayed, and then the order is eventually cancelled.

This has become a regular problem and is very frustrating. Please ensure you have proper service and delivery support in the areas you operate before accepting orders. Customers shouldn't have to deal with repeated delays and cancellations. Very disappointing experience.",1,2026-07-20T09:45:45-07:00,18.70.0,IN,App Store (RSS fallback),960335206,,
ummabd,🪄,Blinkit for single mothers works like a magic,5,2026-07-20T09:22:00-07:00,18.70.0,IN,App Store (RSS fallback),960335206,,
mtiwary,The best app,The best deliveries.,5,2026-07-20T09:17:59-07:00,18.70.0,IN,App Store (RSS fallback),960335206,,
VK_2022,Awful customer support service,"No option to return items, they mislead and run you in circles until you wear down and stop messaging them.",1,2026-07-20T09:01:39-07:00,18.70.0,IN,App Store (RSS fallback),960335206,,
It’sbeauty,Happy,Perfect for last min shoping,5,2026-07-20T08:16:16-07:00,18.70.0,IN,App Store (RSS fallback),960335206,,
aayesga,Awesome,I am almost married to Blinkit !,5,2026-07-20T07:49:55-07:00,18.70.0,IN,App Store (RSS fallback),960335206,,
983/A,Price issue,Almost time I’ve ordered same item but facing price issue,1,2026-07-20T07:28:56-07:00,18.70.0,IN,App Store (RSS fallback),960335206,,
Neera patel,Don’t Install,Bekar support system,1,2026-07-20T07:23:52-07:00,18.70.0,IN,App Store (RSS fallback),960335206,,
Costlier products,Cost difference,For some products it was charging thrice than the price available outside,1,2026-07-20T07:20:02-07:00,18.70.0,IN,App Store (RSS fallback),960335206,,
Magical Myntra!,"Super Quick, Super Good!!","Great variety of good products, easy layout to find what you’re looking for. Speedy delivery!",5,2026-07-20T07:10:58-07:00,18.70.0,IN,App Store (RSS fallback),960335206,,
bhshddj,Quality,Quality given by you is very bad and even not sealed product like hand wash n all,1,2026-07-20T06:33:12-07:00,18.70.0,IN,App Store (RSS fallback),960335206,,
Sachhin21,Quick service,Last minute needs,5,2026-07-20T06:29:14-07:00,18.70.0,IN,App Store (RSS fallback),960335206,,
Jay Gore 03,Review,The delivery is faster then other shopping apps and handling is good the best thing is this delivery comes at the door step because of this I rated this app 5 star,5,2026-07-20T05:15:13-07:00,18.70.0,IN,App Store (RSS fallback),960335206,,
Hima1999Toronto,Big BUT,"Look i love your service. But it is the second time this week that someone has picked up my order, and hasnt moved unless i personally call them. Then they arrive immediately. Whats up with that ?",1,2026-07-20T05:04:37-07:00,18.70.0,IN,App Store (RSS fallback),960335206,,
Asjad@1,HELPFUL,Always helps out whatever the issue is.,5,2026-07-20T03:54:24-07:00,18.70.0,IN,App Store (RSS fallback),960335206,,
Dev geet,Price,Some prices are higher than market for example Blinkit Verka Dahi is 35 though in market it’s Rs 30/ my question is why,1,2026-07-20T03:00:30-07:00,18.70.0,IN,App Store (RSS fallback),960335206,,
Siddhesh555,Timely order as shown,Order daily grocery,5,2026-07-20T01:03:49-07:00,18.70.0,IN,App Store (RSS fallback),960335206,,
The thoughts of the letter P,A request to the developer,"Very efficient app with prompt service. however would like to give a feedback to the developer of this app. Lately, I have encountered experiences from several delivery boys that they were unable to locate the address in spite of updating the address in our profile as accurately as possible. so why not provide a text field that enables to input live location link so that it will be easier to share the same with them when they are trying to deliver our orders. That way it will be less cumbersome for the delivery boys to locate the customers address and less stressful when having the orders delivered.",5,2026-07-20T01:00:22-07:00,18.70.0,IN,App Store (RSS fallback),960335206,,
girgarje,Quick and Awesome service,Quick and Awesome service,5,2026-07-20T00:10:01-07:00,18.70.0,IN,App Store (RSS fallback),960335206,,
Rahulkumar29,Worst chatbot suport,With the addition Of ur worst chatbot for customer support which is not able to understand even a simple customer issue i told it 4 times but it is geting stuck kindly do proper testing before adding to ur apps,1,2026-07-19T23:23:30-07:00,18.70.0,IN,App Store (RSS fallback),960335206,,
B Sunitha,"This app is good, but very expensive","This app is very good, but very expensive",5,2026-07-19T23:02:13-07:00,18.70.0,IN,App Store (RSS fallback),960335206,,
Dominic MRaj,Good,Awesome and good Service,5,2026-07-19T22:59:06-07:00,18.70.0,IN,App Store (RSS fallback),960335206,,
Archit mavani,Bed behaviour with blinkit delivery person,Not good at all 👎🏻,1,2026-07-19T21:57:24-07:00,18.70.0,IN,App Store (RSS fallback),960335206,,
Muzaffar Ahmad DIJU,Great service,But prices should consider,5,2026-07-19T21:47:50-07:00,18.70.0,IN,App Store (RSS fallback),960335206,,
Pris_1,Minimum cart limit,It seems like a push sales which might not last long though if customers found a better option.,3,2026-07-19T21:30:02-07:00,18.70.0,IN,App Store (RSS fallback),960335206,,
Ayush_5151,Great,Very very good app just deliver in minutes.,5,2026-07-19T20:28:22-07:00,18.70.0,IN,App Store (RSS fallback),960335206,,
Sachkiawaj,Delivery time not met many times,Delivery shall be on predictive timing.,2,2026-07-19T19:52:57-07:00,18.70.0,IN,App Store (RSS fallback),960335206,,
Sway home,Make up India,Ka great  blinkit,5,2026-07-19T18:39:08-07:00,18.70.0,IN,App Store (RSS fallback),960335206,,
K dobhal,Quick delivery,Blinkit is a life saving for our sudden requirements,5,2026-07-19T18:12:10-07:00,18.70.0,IN,App Store (RSS fallback),960335206,,
Shivaraj B M,Excellent Service & Fast Delivery” ⭐⭐⭐⭐⭐,"⭐⭐⭐⭐⭐
“Very fast delivery, fresh products, excellent service. Highly satisfied. Keep up the great work!”",5,2026-07-19T16:54:38-07:00,18.70.0,IN,App Store (RSS fallback),960335206,,
Shrikrishna.bidkar,Defective Gift Item with Gift Wrapping,"I ordered a gift item from Blinkit, and they delivered a clearly faulty product, even though it was gift-wrapped. Sending a defective item as a gift is extremely disappointing and feels dishonest. It was embarrassing because I trusted Blinkit for a special occasion. Quality checks should be mandatory before packing and wrapping gift items. This experience has made me lose confidence in the service.",1,2026-07-19T16:50:18-07:00,18.70.0,IN,App Store (RSS fallback),960335206,,
Srinjan Roy,Good,Best app for delivering food and getting earlier,5,2026-07-19T12:56:22-07:00,18.70.0,IN,App Store (RSS fallback),960335206,,
Yogesh Kumawat  77855,COD unavailable why,Make sure to available becoz we have exact payable amount of cash you idiots,1,2026-07-19T12:48:42-07:00,18.70.0,IN,App Store (RSS fallback),960335206,,
Jeet_dgp14,The worst app Never trust them,If you think you will get product delivered in 10mins you are wrong you would be harrased for more than 1 hours and no customer service and no resolution at all and at last cancellation of orders and refunds after 6days,1,2026-07-19T12:13:29-07:00,18.70.0,IN,App Store (RSS fallback),960335206,,
Suryansh Sondhi,Ambulance,"Free Ambulance service by blinkit deserves a big round of applause, thank you blinkit for this service",5,2026-07-19T11:32:31-07:00,18.70.0,IN,App Store (RSS fallback),960335206,,
Physio 24,Important: Verify the Weight of Meat Ordered Online,"Just a heads-up for everyone ordering chicken from Blinkit.

Today I ordered a 450 g pack of Godrej boneless chicken. I usually don’t check the weight, but this time I was making a recipe that required exactly 450 g, so I placed it on my kitchen weighing scale.

To my surprise, the pack weighed only 380 g, not 450 g.

I contacted Blinkit, and they promptly refunded me for the shortfall, which I appreciate. However, that’s not really the point. Most customers don’t weigh their groceries every time they receive an order, so discrepancies like this can easily go unnoticed.

My suggestion to everyone is to check the weight of chicken, fish, or any other items sold by weight whenever possible. Hopefully, this was just an isolated packing error, but it’s worth being aware of.",5,2026-07-19T11:27:40-07:00,18.70.0,IN,App Store (RSS fallback),960335206,,
Hutssdg,Complain,"To much charges 
My order worth only 120 rs but I have to 190 
In my city there are no offers like big cities",1,2026-07-19T11:08:44-07:00,18.70.0,IN,App Store (RSS fallback),960335206,,
Dr. Andrei,Terrible Customer service,Takes hours to resolve one simple issue,1,2026-07-19T10:45:37-07:00,18.70.0,IN,App Store (RSS fallback),960335206,,
Samylal,Delivery charge,Delivery charge is too high and payment gateway unreliable,5,2026-07-19T09:33:45-07:00,18.70.0,IN,App Store (RSS fallback),960335206,,
RDX Sandy,Good app,Very comfortable,5,2026-07-19T09:01:36-07:00,18.70.0,IN,App Store (RSS fallback),960335206,,
Yukar kamane,Bad,While ordering coke its mentioned that it is chilled but when arrrive it always warm it been 3-4 time now so untrustworthy,1,2026-07-19T08:45:10-07:00,18.70.0,IN,App Store (RSS fallback),960335206,,
Kriti tu,Fraud,U guys r doing fraud these days mera ek mil expired hua no refund mera ek Oder missing hai but u guys r not giving Any solution it’s almost one month now and n keep putting mails but no solution,1,2026-07-19T08:16:08-07:00,18.70.0,IN,App Store (RSS fallback),960335206,,
Rencia_01,Good app,Faster then Swiggy y’all *no hate for swiggy*,5,2026-07-19T08:14:19-07:00,18.70.0,IN,App Store (RSS fallback),960335206,,
AnonymousMtrustedsources🍉🩰,yummm,Person delivering was soo sweet!also food came safely and cleanly,5,2026-07-19T08:07:52-07:00,18.70.0,IN,App Store (RSS fallback),960335206,,
Martin s samuel,What amazing app?,"Thank you, Blinkit, for making our life easier",5,2026-07-19T08:06:04-07:00,18.70.0,IN,App Store (RSS fallback),960335206,,
Neaky bishnoi,Ruin surge extra payment,There is no rain and they are making extra charge for rain surge,1,2026-07-19T07:37:28-07:00,18.70.0,IN,App Store (RSS fallback),960335206,,
Ahsn263!:?@/,Arisha Fatima,"“I placed an order yesterday and had already completed the payment. However, the customer care representative asked me to make the payment again, assuring me that the previous payment would be refunded within six hours. It has now been over 24 hours, and I still haven’t received the refund. I am very disappointed with this experience.”",1,2026-07-19T07:24:23-07:00,18.70.0,IN,App Store (RSS fallback),960335206,,
Kamalith Singh,Best option,By using Blinkit our time gets saved and thanks to the created of this app.,5,2026-07-19T07:16:10-07:00,18.70.0,IN,App Store (RSS fallback),960335206,,
Nammu pandey,For blinkit service,Good service in less time organic products,5,2026-07-19T07:10:01-07:00,18.70.0,IN,App Store (RSS fallback),960335206,,
Anas2shaikh,Excellent service,Excellent service,5,2026-07-19T07:09:22-07:00,18.70.0,IN,App Store (RSS fallback),960335206,,
Himanshi dhote,Experience,Always had a great experience with blinkitt,5,2026-07-19T07:08:23-07:00,18.70.0,IN,App Store (RSS fallback),960335206,,
Akshith k.a,The delivery charge is high,Delivery high charge,4,2026-07-19T07:01:48-07:00,18.70.0,IN,App Store (RSS fallback),960335206,,
Ananya Chatterjee Sinha,Cheated by sending expired product,I have ordered baking powered yesterday. They sent of a baki g powder which was expired. They made that box dirty with a paint kind of thing on the manufacturing and expiry date. I will soon switch to big basket . Not expected this kind of cheating.,1,2026-07-19T06:32:33-07:00,18.70.0,IN,App Store (RSS fallback),960335206,,
Chandru mulge,Product prices high,High quality products,4,2026-07-19T06:26:52-07:00,18.70.0,IN,App Store (RSS fallback),960335206,,
Mukesh_008,Very convenient.,Very convenient.,5,2026-07-19T06:22:36-07:00,18.70.0,IN,App Store (RSS fallback),960335206,,
Rashidvora,Best,Fast reliable fair price lot of options,5,2026-07-19T06:18:43-07:00,18.70.0,IN,App Store (RSS fallback),960335206,,
Ira Ben,Order review,I have been using Blinkit since the very first day in my city but I never get back my change as they say they don’t have money to give change if it’s 100 rupees 50 rupees or 80 rupees to return they never return money as change,1,2026-07-19T06:12:57-07:00,18.70.0,IN,App Store (RSS fallback),960335206,,
Upasals,No discounts,"When compare to others, is not much difference in discount",2,2026-07-19T06:06:23-07:00,18.70.0,IN,App Store (RSS fallback),960335206,,
Manviiiiijiiiiiii,Worst delivery,Sabse Tatti delivery service chiiiii bhyiiiii delivery walo ko kuch Samjh toh aata nahi,1,2026-07-19T05:11:52-07:00,18.70.0,IN,App Store (RSS fallback),960335206,,
Sudha rasaranjan,Double payment,Takes payment and suddenly cancel but no refunds,1,2026-07-19T04:51:54-07:00,18.70.0,IN,App Store (RSS fallback),960335206,,
Nansi baliayn,Useless app,Useless application. Useless customer service,1,2026-07-19T04:45:57-07:00,18.70.0,IN,App Store (RSS fallback),960335206,,
Mbappe12345₹,For,I ordered organic grown tomatoes with extra premium amount but I got regular one..,4,2026-07-19T04:33:48-07:00,18.70.0,IN,App Store (RSS fallback),960335206,,
moni malva,Best,Jo kahi nahi milta wo Blinkit pe milta hai. Thank you so much.,5,2026-07-19T04:08:11-07:00,18.70.0,IN,App Store (RSS fallback),960335206,,
Dikshu patil,Good aap,Nice experience,5,2026-07-19T03:35:40-07:00,18.70.0,IN,App Store (RSS fallback),960335206,,
Kartik2346,Good experience,"All the products are delivered very safely 
The process also very convenient and fast",5,2026-07-19T03:34:25-07:00,18.70.0,IN,App Store (RSS fallback),960335206,,
Beekay 1177,Rude delivery guy,Rude and disrespectful delivery guy,1,2026-07-19T03:23:51-07:00,18.70.0,IN,App Store (RSS fallback),960335206,,
nick name vicky,High packaging charges,"Worst experience with their customer service and @Blinkit Team if you guys want your sales to increase then remove unwanted package charges 
So give free delivery along with the free package charges like how zepto and amazon now is giving for orders above 99/-₹",1,2026-07-19T03:17:36-07:00,18.70.0,IN,App Store (RSS fallback),960335206,,
Kridhakrish,Delivery charge,Why delivery charges. Not required,4,2026-07-19T01:20:28-07:00,18.70.0,IN,App Store (RSS fallback),960335206,,
Dhrj229,Extra handling charge always,"App features are good, handling charge 12 gets added.",4,2026-07-19T01:19:25-07:00,18.70.0,IN,App Store (RSS fallback),960335206,,
Jrkg65873,Damaged products sent,They send me damaged products 3 times and did not take accountability,1,2026-07-19T01:12:59-07:00,18.70.0,IN,App Store (RSS fallback),960335206,,
Pv_Singh,This app is not reliable,If you face any issue in any product they will say drop mail and in mail you will recieve automated mails which have ZERO IQ. Intentionally they make issue resolution so complex AI help se customer  ko frustrate kr rhe h ( deleting app),1,2026-07-19T01:02:04-07:00,18.70.0,IN,App Store (RSS fallback),960335206,,
deepakalgae,Superb app,Really it’s a last minute app. Best for groceries and other requirements instantly. Suppose you are in kitchen and missing something then just Blinkit and you will get it in 10 minutes. 👍,5,2026-07-19T01:01:36-07:00,18.70.0,IN,App Store (RSS fallback),960335206,,
Shettall,Expensive,"Bill not showing
Delivery charges high",1,2026-07-19T00:42:46-07:00,18.70.0,IN,App Store (RSS fallback),960335206,,
Worst nil customer care,Good customer support,Very responsive customer support,5,2026-07-19T00:17:22-07:00,18.70.0,IN,App Store (RSS fallback),960335206,,
Dhoka Hua,Printout order cancelled with lame reason,My printout order which was supposed to be delivered in 26 minutes was cancelled when I called the customer support who told me that there is some operational issue and then it was cancelled after almost 1 hour after the order was placed.,1,2026-07-19T00:05:56-07:00,18.70.0,IN,App Store (RSS fallback),960335206,,
lalitlogical,Quick and simply amazing,This my quick and last minute helping application to order stuffs.,5,2026-07-18T23:53:40-07:00,18.70.0,IN,App Store (RSS fallback),960335206,,
Sar@nsh,Best,Best fir electronics shopping,5,2026-07-18T23:05:18-07:00,18.69.0,IN,App Store (RSS fallback),960335206,,
Rinku 94264,Hanumangarh,Best service in Hanumangarh,5,2026-07-18T23:00:24-07:00,18.70.0,IN,App Store (RSS fallback),960335206,,
Excellent Serviceeee,Excellent,Excellent Interface and Products are best,5,2026-07-18T22:32:26-07:00,18.70.0,IN,App Store (RSS fallback),960335206,,
Blinkieeee♥️,Always There When Needed,"Blinkit is very useful and convenient. Thank you for delivering everything so quickly. Even during vacations and busy times, the service is reliable. It makes shopping so much easier. Highly recommended!",5,2026-07-18T21:46:32-07:00,18.70.0,IN,App Store (RSS fallback),960335206,,
vinit9876,Fast delivery but price concerns,"Firstly I hope you’ll don’t delete this review and take this seriously , Blinkit price have always bee higher then Zepto plz check what’s wrong .",5,2026-07-18T21:44:53-07:00,18.70.0,IN,App Store (RSS fallback),960335206,,
Nishu dubey,Update,Pls kuch blinkit aap  mai kuch aisa upgrade kar ki non veg option  ko band kiya ja sake veg walo ko dikkat hoti h,5,2026-07-18T21:12:33-07:00,18.70.0,IN,App Store (RSS fallback),960335206,,
Santosh Jaiin,Hidden charges,"When we place a order , why we are not able to see the delivery charges, delivery charges are hidden and not visible",1,2026-07-18T20:46:57-07:00,18.70.0,IN,App Store (RSS fallback),960335206,,
Gauravgj29,Print out quality,Printout quality is very bad,1,2026-07-18T20:35:57-07:00,18.70.0,IN,App Store (RSS fallback),960335206,,
Ajay G G,Diffractive products and worst Support service,"Got a defective products multiple times, can't contact anyone. paid more than 250 for the product but they have initiated a refund of 62Rs only.",1,2026-07-18T09:22:54-07:00,18.70.0,IN,App Store (RSS fallback),960335206,,
Black synthe,Worst customer service,I have ordered an item and returned the item because it was rotten and and they initiated my refund amount but till now I didn’t receive the refund and I can’t connect them also…,5,2026-07-18T09:11:18-07:00,18.70.0,IN,App Store (RSS fallback),960335206,,
Prakhar Nagpure,Amazing for small purchasing,"I totally understand that when market is grown up, after that all marketing app is rise there rates.",2,2026-07-18T08:03:48-07:00,18.70.0,IN,App Store (RSS fallback),960335206,,
RKSGRSARS,Mr,"Doing Good Job Keep Going Like This
Loving It",5,2026-07-18T07:57:26-07:00,18.70.0,IN,App Store (RSS fallback),960335206,,
Rajat raana,Charges and offer,"I think Zepto and Flipkart mints 
giving better deal",1,2026-07-18T07:51:30-07:00,18.70.0,IN,App Store (RSS fallback),960335206,,
Hfdfunn,Pricing on  raw food item,While buying items on offer I've noticed that blinkit has erase the expiry date on most of the item so be careful while buying something big in cheap prices.,3,2026-07-18T07:47:02-07:00,18.70.0,IN,App Store (RSS fallback),960335206,,
Taro as,Money Refund,I use Blinkit for everything but now I fell like o have to stop using because they don’t usually give us refund  and they don’t have any good coutumer support  they send me a message  that they will return my money in 5-6 days but it has been almost 15 days it’s not refunded,1,2026-07-18T07:28:11-07:00,18.70.0,IN,App Store (RSS fallback),960335206,,
Charan779901,Charan,"The app is good excellent and we can get every item which are available in a minute but if we choose a product at last the price of the product is double due to handling , delivery, small cart these are unnecessary payment so plz give the customers at good and in fair price",1,2026-07-18T07:04:01-07:00,18.70.0,IN,App Store (RSS fallback),960335206,,
Devesh khmar,Convince charge,What is the convince charge and also handling charges,1,2026-07-18T07:02:37-07:00,18.70.0,IN,App Store (RSS fallback),960335206,,
Ms Mittal,Amazing,Thank you for the prompt deliveries,5,2026-07-18T05:48:27-07:00,18.70.0,IN,App Store (RSS fallback),960335206,,
Radient Knight,It’s definitely a superstore,"Blinkit provides efficient and fast service, sometimes the products are unavailable at the time of order placement but are replenished very quickly",5,2026-07-18T05:47:18-07:00,18.70.0,IN,App Store (RSS fallback),960335206,,
Tanimadce,Relaxing,We are totally overwhelmed 😊❤️,5,2026-07-18T05:09:49-07:00,18.70.0,IN,App Store (RSS fallback),960335206,,
Paranirvana A,Quality of perishable items is not good. Rest excellent,Quality of perishable items is not good. Charger wires never work. Rest is excellent so far,4,2026-07-18T04:51:45-07:00,18.70.0,IN,App Store (RSS fallback),960335206,,
shishya shiv ki,verify,products given sometimes comes in very bad condition and many times i had got stale and seal broken products nd expired 1 too just recheck everything they deliver because 1 day delay can close the help window and we have to suffer with money wasted and damaged product,1,2026-07-18T04:43:47-07:00,18.70.0,IN,App Store (RSS fallback),960335206,,
upanshu19,Disappoint customer,Blinking nd ordering again blinking recieved. 🤩,5,2026-07-18T04:38:25-07:00,18.70.0,IN,App Store (RSS fallback),960335206,,
हरि दर्शन,Bug in app,Axisneo offer was being displayed but not getting applied,1,2026-07-18T04:32:18-07:00,18.70.0,IN,App Store (RSS fallback),960335206,,
Bansi b,Good,Very good and useful for us,5,2026-07-18T04:25:29-07:00,18.70.0,IN,App Store (RSS fallback),960335206,,
Kaustubh KK,Kaustubh,Last moment needed item is missing post confirmation on order placed and accepted,1,2026-07-18T04:23:11-07:00,18.70.0,IN,App Store (RSS fallback),960335206,,
PBANKDA,Poor support,Blinkit it enjoying its leadership and customer service has gone down the drain,1,2026-07-18T04:14:50-07:00,18.70.0,IN,App Store (RSS fallback),960335206,,
pranaykunar,Waste app,China product app,1,2026-07-18T04:14:05-07:00,18.70.0,IN,App Store (RSS fallback),960335206,,
Zudo7857,Pov,Amazing guys. We all owe you so much,5,2026-07-18T04:05:40-07:00,18.70.0,IN,App Store (RSS fallback),960335206,,
Nisha Malhotra,Delivery charges,Blinkit delivery charges too much,1,2026-07-18T03:58:23-07:00,18.70.0,IN,App Store (RSS fallback),960335206,,
***JAAT***,Services,Good product and fast delivery. Great work!!!,5,2026-07-18T03:16:59-07:00,18.70.0,IN,App Store (RSS fallback),960335206,,
MKNX12,Blink it’s there for you,Excellent service and App user friendly,5,2026-07-18T01:16:54-07:00,18.70.0,IN,App Store (RSS fallback),960335206,,
Aazraaasif,Bestest app,Blinkit is an essential app for me because it’s not possible for me to go to the market.”,5,2026-07-18T01:09:44-07:00,18.70.0,IN,App Store (RSS fallback),960335206,,
NisheshBhatnagar,Poor Delivery Verification!,The delivery service is on a downhill.,1,2026-07-17T22:56:29-07:00,18.70.0,IN,App Store (RSS fallback),960335206,,
Nnn - no nick name,Fake promises,"The app takes all the possible extra charges under handling charges, surcharge, rain, delivery fee and what not. Still they won’t deliver on time. Taking advantage of the only thing that customers can’t do anything sitting at home",1,2026-07-17T22:56:27-07:00,18.70.0,IN,App Store (RSS fallback),960335206,,
1adee1,Best app,Best experience,5,2026-07-17T22:30:43-07:00,18.70.0,IN,App Store (RSS fallback),960335206,,
Gnxgudutccjxfy,Add more squishy,"Amazing , but I wish u would have some squishys",4,2026-07-17T22:29:55-07:00,18.70.0,IN,App Store (RSS fallback),960335206,,
Arpiii_m,Life Saver,Nothing to say much just thank you for the services.,5,2026-07-17T22:15:57-07:00,18.70.0,IN,App Store (RSS fallback),960335206,,
