userName,score,content,at,thumbsUpCount
Shubham kumar,1,"दलाल दलाल दलाल दलाल, क्या हुआ? कहाँ गए? क्यों गायब हो रहे हो? jantar mantar location not available blinkit tum bhi resign do दलाल दलाल दलाल दलाल, ये क्या चल रहा है? दलाल दलाल दलाल दलाल, स्थान बंद, सेवा खत्म, , सब कुछ बेकार। दलाल दलाल दलाल दलाल, बताओ क्या हो रहा है? दलाल दलाल दलाल दलाल –",2026-07-24 17:10:03,0
Unknown Name,5,okay now.................!????????????????????,2026-07-24 10:39:34,0
richa rai,1,update 3: since I stopped ordering from Blinkit 🎉 and Zomato company I have saved rs 8000 in just three months... plus efforts are saved on taking the mad delivery guys 📦... really happy with my decision...,2026-07-23 15:59:32,1
nilesh pandya,5,good prompt service,2026-07-23 14:52:58,1
Narendra Sharma,4,very quick sarvis,2026-07-23 14:50:59,1
ANISH KUMAR,1,"bakwas app hai, cancel order button nahi hai, or delevery boy ne 75 rupees scam kar liye mujhe se",2026-07-23 14:50:32,0
Harshada Dafale,5,service is amazing. but change in address becomes quite difficult.,2026-07-23 14:50:00,0
OMNI VEGETA 2,5,awesome delivery,2026-07-23 14:49:03,1
Manoj Raghav,5,this app is very nice and also soo useful,2026-07-23 14:48:05,0
Babli Sonker,4,Good Discount and fast delivery easy to selected item 👌,2026-07-23 14:47:02,1
Chandni Jha,5,very nice service provider,2026-07-23 14:46:11,1
Chandrani Das,5,"vry good,,,,soo fast,,,good to take Care.....love it .✌️✌️✌️✌️✌️✌️😊😊😊😊😊😊",2026-07-23 14:45:50,0
Rohan Shrivastav,4,Great performance,2026-07-23 14:43:36,0
Samarth Raj,5,good experience,2026-07-23 14:39:26,0
Anamika Sen,5,fast delivery great app 🫶,2026-07-23 14:38:38,0
Kumari Diksha,2,much more delivery charges,2026-07-23 14:37:29,0
Anjana Sachdeva,4,"blinkit app sabhi best app mein se ek hai, Jo hamare liye itni jaldi service deti Hai",2026-07-23 14:36:03,0
Yogesh Kumar,4,waiting for orders,2026-07-23 14:35:31,0
Swati Singh,1,"Initially there used to be a proper customer service but now the app has the automated AI agent which is utterly unhelpful and frustrating when you are trying to complain about an order. Since it can't distinguish between an order and the add on (allowed in the app if you forgot something), it treats the add on as the latest order and can't help with spoilt items in the main order.",2026-07-23 14:35:03,1
Venkatesh Betrala,1,worst experience with late delivery,2026-07-23 14:34:39,0
Rashmi Telkar,5,excellent service by Blinkit. Especially for medicines. it provides doctor's consultation also for free. and suggest you better medicines according to your health issues. India is growing!!,2026-07-23 14:32:59,0
Anurag Kushwaha,5,have a good experience ♥️,2026-07-23 14:32:20,0
Apoorv Shrivastava,1,Absolute scam of a company. ordered a product got defective and they refused to honor return or refund under disguise of non returnable item. Pathetic,2026-07-23 14:31:06,0
Amisha Chindalia,1,blinkit charging extra mony on everything i will never buy anything from now from blinkit. recently i purchase a lip balm from here so on others app this lip balm price is 198 or 188. but here 222 rs. this is so bad and now they are started adding 12 rs. handeling charge also . 10 minutes delivery is okay but they charged tooo much for everything. instead of this app you can use flipcart minutes or any other app.,2026-07-23 14:26:40,0
Guruprasad TS,1,no cash on delivery,2026-07-23 14:26:25,0
Nurish Saifi,5,nice delivery 🚚,2026-07-23 14:24:07,0
Sonal Nirwan,5,excellent service and products are of really very good quality 👌,2026-07-23 14:21:52,0
manish munu,1,expired products,2026-07-23 14:21:47,0
Manjari Singrallu,5,Fast and excellent service... customer-friendly representatives,2026-07-23 14:19:03,0
Srinivas rao,5,it is so good and pls give me 30% off in next order 🫶❤️,2026-07-23 14:11:35,0
Darshit Yadav,1,orders always take more than 35 mins,2026-07-23 14:09:28,0
Bhumika Jadhav,5,very fast and very helpful service,2026-07-23 14:09:01,0
Karnain Khan,4,service is pretty Good,2026-07-23 14:08:40,0
Meharaj Rahuman,2,address change kastama iruku,2026-07-23 13:58:08,0
Thanuja Ps,5,l like free delivery,2026-07-23 13:47:37,0
Arya Deohans,1,"Service is unavailable on Jantar Mantar Road in Connaught Place, New Delhi. This app is the epitome of disappointment, and those behind it seem to have lost touch with what it means to be humane.",2026-07-23 13:44:44,1
Gunjan Tanuj Goyal,5,Everything is available with very affordable price,2026-07-23 13:42:04,0
Ishank Chaurasiya,5,very good working 👍😃 I am so happy for this work 😊😁,2026-07-23 13:41:57,0
Vikram Kumar,1,price and quantities issue,2026-07-23 13:37:47,0
Love Sandy,5,quick delivery nice delivery,2026-07-23 13:31:51,0
gaurav lohar,5,"I have been using Blinkit for a long period now, today I am really happy to share my experience, I bought a watch from blinkit, but it was not working as I unboxed it, so I initiated a refund which was quick and in few minutes work, the delivery partner came soon and picked it and my refund was initiated, then I bought another brand but delivery guy got stuck because of his vehicle failure, instantly the blinkit support team (Mr Abhishek) helped and delivery was done so quick. really thanks 🙏",2026-07-23 13:29:12,0
Harikishan Durga,5,good time delivery,2026-07-23 13:27:51,0
Reshma Natikar,1,offer details please,2026-07-23 13:26:12,0
Yuvi Thakor,4,very good very convenient but price are bit expensive compare to other quick commerce site but overall its the best.,2026-07-23 13:26:11,0
Manju Choudhry,5,u r doing great job 🫡,2026-07-23 13:17:34,0
MANOJ DHANAWADE manya,1,3rd class coustomer service not available on this plat form gusy you make sure order will purches on cash on delivery,2026-07-23 13:12:19,1
Rupesh Raut,4,why delivery charge extra on each product,2026-07-23 13:12:04,0
unknown,1,no customer service,2026-07-23 13:11:27,1
Md.Sikander Ansari,1,"I am trying to talk to customer executive but failed due to blinkit server issue, I have ordered something related to food and it is bad condition, I want replacement or refund but unable to register my complaint. Now Blinkit team, what is the solution now?",2026-07-23 13:08:49,1
Ravichandran c,2,"In my last order 15 rs added , for every delivery we have to pay 20 rs ? what is the reason?",2026-07-23 13:08:41,0
Siri V,3,Blinkit was one of the most used appa on my phone but now I've seen that some products that I buy often are being sold at prices higher than the MRP.. like seriously?? whats this behaviour?? I won't complain about some delivery fee or stuff but selling stuff at higher prices is not acceptable at all !!,2026-07-23 13:06:37,1
Somali Mazumder,1,3rd class experience,2026-07-23 12:54:17,0
Jiya Yadav,5,it's very easy to way of all types of things and shopping,2026-07-23 12:53:45,0
Alok Verma,1,poor quality provided,2026-07-23 12:51:29,0
Sunil Sunny,4,good service and verry fast ⏩ and blinkit is easy to hame all products kvickly received one of the best app for my and me family,2026-07-23 12:49:53,0
Lalith Laxman,5,good but delivery charges are to high,2026-07-23 12:48:07,0
Om Chatterjee,1,Worst app. Even entering your own residential address is a painful process.,2026-07-23 12:46:26,0
B02Tanzin Kunzang,3,"I it's convenient, easy to get ...yeah",2026-07-23 12:42:29,0
Babai Chatterjee,5,"""Super fast delivery! All items were fresh, properly packed, and delivered in perfect condition. Great service as always.Blinkit has made daily grocery shopping so convenient! Fantastic packaging, high-quality products, and unbelievably quick delivery every single time. 10/10 service... 😊😊",2026-07-23 12:42:11,1
Saiyada Khatoon,5,very excellent app fast delivery must use this app,2026-07-23 12:40:12,0
Demonic Gamer,5,best experience but can't pay with online payment from other UPI in first it was applied but now it hasn't worked since 2 to 3 months ago.. please let service this,2026-07-23 12:39:47,0
Shivam Thapliyal,1,"Extremely disappointed with this order. The Organic Ladyfinger (500 g) came in two 250 g packs, but one entire pack was completely spoiled and had to be thrown away. The Raw Mango (500 g) was the small, round variety with a huge seed and very little pulp, yet the description never mentioned this, making it misleading and poor value for money. The Chopped Spinach contained mostly thick stems instead of spinach leaves, making it feel like the weight was increased by adding sticks than actual.",2026-07-23 12:30:11,0
Swati Kulkarni,5,The service is always good and in time also.,2026-07-23 12:21:02,0
Abhinav Upadrasta,2,the delivery speed is not as stated and quick as zepto and also handling charges are being charged,2026-07-23 12:20:31,0
Ashitosh Kumbhar,5,its verry good app no need to explain too much just open it you will understand everything... ❤️,2026-07-23 12:20:09,0
Prasad Hichkad,5,Will opine after the delivery,2026-07-23 12:19:46,0
Amit Behal,5,easy to use and very helpful 🥰😍,2026-07-23 12:18:07,0
Lucky Singh,5,i. cried 😭at last,2026-07-23 12:13:58,0
Pradeep Sheoran,4,agr refund ya cancellation ka option or hota to or better ho skta hai,2026-07-23 12:13:52,0
Laxmi ben Bariya,5,best ap and fast delivery 🙂,2026-07-23 12:10:04,0
Rukhsar Khanam,5,mujhe achha laga aur delivery boys' bhi bhot achhe se bat karte karte h,2026-07-23 12:04:46,0
Raushan kumar,5,outstanding app,2026-07-23 12:04:17,0
Khan Jamshida Rashid,4,very good service.,2026-07-23 12:02:29,0
Golden Goldy,5,best grocery app ❤️,2026-07-23 12:01:52,0
Anurag Singh,3,product market se bahut jayda high rate hota hai,2026-07-23 11:55:52,0
Sonam Kumari,1,cash dene ke baad extra paise kabhi refund nhi aata hai costly prta hai saman,2026-07-23 11:55:24,2
Samreen Bano,5,amazing experience,2026-07-23 11:51:19,0
Manpreet Kaur,2,they inform after leaving their godown that they have shortage of item so they have cancelled..if they had informed earlier I wud have ordered another or replace my items,2026-07-23 11:48:53,0
Namrata Moradiya,1,"This app is not good, I ordered it first. I paid online then and then I cancelled it, but it's been four months since I got my 200 rupees, they still haven't refunded the money, they only make false promises.",2026-07-23 11:47:17,1
NAIM RAZA KHAN,5,"Reliable, Fast and on time Delivery.. Love it",2026-07-23 11:44:39,0
Deepika reddy,5,delivery fast and good it by using,2026-07-23 11:43:32,0
Kathiravan Ramalingam,5,very nice nice quality,2026-07-23 11:43:02,0
Aditya Kumar,4,very good for a lazy person,2026-07-23 11:40:29,0
Chan Onjo,5,Bhai mere city(bulandshahr) me aajaaaaa,2026-07-23 11:39:56,0
AQuiB Manzoor,1,"A new Scam by Blinkit, ordered few items and two items were missing, have been trying to contact them but shows were are handling large order try again next time until the complaint window closes. so now it shows cannot entertain your complaint as the complaint window is closed. this is how they scam people now.. pathetic theif",2026-07-23 11:32:54,0
Aarti Mazire,1,two delivery patners for one order I had to waste my time to wait for both when I ordered both the things at same time,2026-07-23 11:31:38,0
Madhu obhrai,4,Quick service . Just see the veg n fruits are not over ripe . Thanx 🌻,2026-07-23 11:30:33,0
Dushyant Varshney,5,"Wonderful home deliveries! Blinkit is like Aladdin’s magic lamp—just rub it, and whatever you need magically appears at your doorstep! 😄✨",2026-07-23 11:22:57,0
Anwar Hussain,4,It was a quick delivery. Thanks to Mr. Rohit☺️,2026-07-23 11:19:54,0
Daljeet Singh,1,"The reason behind giving 1 star is, their return policy, if a customer orders the wrong item, they don't return or replace, they straight away say we can't return, you should replace the item.",2026-07-23 11:19:50,0
Sarika Chaturvedi,5,Exellent service and Customer support quick response👌😀,2026-07-23 11:17:12,1
Jaidev Jamdagni,1,Kisi Bhi time No Return Policy bol dete hai Or No exchange bhi bol rahe hai install mat karo aapna khud leke aao ja kar,2026-07-23 11:16:40,0
Prashanth. Sundaramoorthy,5,very good and experience with your work,2026-07-23 11:14:03,0
Durgesh Kumar Mishra,5,Excellent service.,2026-07-23 11:08:35,0
Aarju Singh,5,thanks for best servicing 👍,2026-07-23 11:05:40,0
Sufi. Sk,5,Bestest app ever,2026-07-23 11:04:06,0
anup verma,4,Good facilities,2026-07-23 11:03:16,0
jai kumar,5,very gud nd gud experience,2026-07-23 11:02:01,0
Nisha Sodhi,5,very good experience of my,2026-07-23 10:59:13,0
Rameshkumar Dhuriya,5,bahut achcha 10,2026-07-23 10:49:34,0
Puja Dey,1,delivery person behaviour not good,2026-07-23 10:45:09,0
Prity Singh,5,very good service,2026-07-23 10:43:17,0
Satyam navin kumar Jha,1,"one of the poorest service, I had found & additional they take charge for cancellation even after getting 30 minutes late if you cancel.",2026-07-23 10:40:37,0
Trinkale Gupta,5,nice perfact 💕💕💕💕💕💕,2026-07-23 10:35:38,0
Aditya Sohani,5,"Excellent and fast delivery, love it",2026-07-23 10:34:39,0
Mallika Thakur,5,nice experience with fast delivery 🚚,2026-07-23 10:34:35,0
Kalyani Talvelkar,5,fantastic service. Support staff is great too. quick yo respond and polite,2026-07-23 10:34:23,1
H SJ,5,provide the best service..,2026-07-23 10:33:26,0
Anas Shaikh,5,nice app fast service,2026-07-23 10:31:04,0
Monu Prajapati,1,🤛 aadha ghante se upar Ho Gaya fir bhi 11 minute dikha raha hai,2026-07-23 10:30:35,1
TRADING_ IQ,5,better then amazon flipcart mesho,2026-07-23 10:27:07,0
simpy Bhatia,1,they are selling poor quality products...if you ask for an exchange or refund they will close the chat conversation..waste app,2026-07-23 10:25:36,0
Sunil Borse,5,very nice sincerely work,2026-07-23 10:24:03,0
Ariez Tata,5,absolutely fantastic and efficient,2026-07-23 10:23:09,0
Pooja Singh,5,excellent service,2026-07-23 10:22:51,0
BISWAJIT ROY,2,only Cash on delivery option are open to plase order,2026-07-23 10:21:49,0
Priyanshu Verma,5,it very useful I love it,2026-07-23 10:18:19,0
blessypn 1630,4,Some products are not available,2026-07-23 10:14:48,0
Yatin Aggarwal,1,Old purana metrial supply karte ye log,2026-07-23 10:04:44,0
Harsh_ Bot-yt,4,such a great app,2026-07-23 10:04:32,0
ANANYA GANGULY,1,I returned an order as it was damaged They took the parcel the same day and I was supposed to get my money back but I did not get my money and the assistant chat is the worst part does not allow you to text anything of no use,2026-07-23 10:03:48,0
Daksh Chordiya,5,"TOTALLY, the best guys out there. keep it up #blinkit",2026-07-23 10:01:52,0
Aashu Verma,4,sach a good application 👍,2026-07-23 09:52:08,0
Agastya Kumar Singh,1,they will say 10 min and this 10 min will be for hours,2026-07-23 09:50:40,0
Sony Thakur,5,it is best for all 😊🙏,2026-07-23 09:50:09,0
Google TV,5,very nice! fast service!,2026-07-23 09:50:07,0
Atharv Raj,4,For the after delivery service and prompt action adhered.,2026-07-23 09:46:25,0
Pragya Prakash (Advik),5,ghar baithe saman mil raha hai aaj kal k baag dour wali life me,2026-07-23 09:42:41,0
gagan deep,5,great my emergency burden is just flew away since this service starts in our city,2026-07-23 09:41:13,0
Khushboo Jha,4,very good app..,2026-07-23 09:40:15,0
Priyanka Singh f,5,"it's a good site,but please give more discounts like pune",2026-07-23 09:39:22,0
Selvam Kumaresan,5,it's a better way of groceries,2026-07-23 09:37:10,0
Pradeep Sharma,1,Really pathetic service from blinkit .,2026-07-23 09:34:31,0
SANDEEP KUMAR YADAV,3,too much time to deliver.,2026-07-23 09:27:01,0
Indirani Rao,5,Extremely convenient. Wide range of products with good options.,2026-07-23 09:23:06,0
Channabasava s Kuri,5,wonderfull service,2026-07-23 09:21:17,0
Siddhi Pasalkar,5,"""Super quick delivery, great packaging, and excellent service. Highly recommended!""",2026-07-23 09:12:26,0
Shaji Gopikuttan,5,Good reputed products choices are available.,2026-07-23 09:08:49,0
Sandeep Soni,1,No help or ways to complain if you are away from the delivery location and get a spoiled item. app asks for live pics or video which you being away cam not tKe and upload...result is throw the product and loose money...so keep it in mind before you order from BLINKIT.,2026-07-23 09:08:00,1
Deepak Joshi,5,superb service fast service,2026-07-23 09:06:36,1
Sagufta Yasmin,4,"not the best price , but convenient in cases of urgency .",2026-07-23 08:51:10,0
Rachna Rani,5,thank you blankit,2026-07-23 08:49:30,0
prashantn74,5,super service and best products,2026-07-23 08:47:27,0
Abhinav Rana,5,too much good outstanding app,2026-07-23 08:45:23,0
shivam rajawat,5,All ways Easy to all items available super delivery always help me..,2026-07-23 08:44:41,0
R Luther,5,"very dependable, and prompt. Always happy to order from Bl8nkit, over other similar apps. keep it up guys!😊",2026-07-23 08:40:08,1
Adrija's,5,"Great service, fresh commodities.",2026-07-23 08:39:00,0
Rim Raha,1,last time delivery by damaged product,2026-07-23 08:35:43,0
Vishal Kumar,1,bahut ghatiya app hai,2026-07-23 08:32:26,0
payal bannagare,5,this platform is very quick,2026-07-23 08:32:24,0
Mehul Suthar,5,"⭐⭐⭐⭐⭐ Blinkit is one of the best delivery apps I've used. The delivery is always super fast, products are fresh, and the packaging is excellent. I also love initiatives like the ambulance service—it shows Blinkit cares about people, not just business. The app is easy to use, and the delivery partners are polite and professional. My only small suggestion is that I rarely receive good offers or discount coupons. I hope Blinkit rewards loyal customers with better deals. Overall, an amazing experie",2026-07-23 08:26:08,0
Anil Dugar,5,resaneable rates and best delivery service,2026-07-23 08:07:53,0
Aakash Kumar,5,add adrees me live location ka option kam nhi kr raha,2026-07-23 08:06:54,0
Kinjal Marwadi,4,service is very good 👍🏻,2026-07-23 08:05:21,0
Empress Nunubi,4,it's good but sometimes when the product is wrong returning is a problem,2026-07-23 08:05:15,0
Rekha Kamath,4,delivery time adherence,2026-07-23 07:59:15,0
Khosa Veerkaran,1,onion size very small and all onion smelled and all are rotten,2026-07-23 07:57:19,0
Sharanya Dutta,1,"I lost only ₹72.50 due to the non-issuance of a cashback, but Blinkit’s lack of accountability is far more disappointing. I applied the AIRTELAXIS10 coupon exactly as I had on previous successful orders, but it was apparently not recorded due to an app/server/network issue. Despite weeks of follow-ups, Blinkit simply repeated that the coupon wasn’t applied and refused to help. Customer support should solve problems, not just quote system records. Uninstalling the app and switching to other apps.",2026-07-23 07:50:23,1
Keerthan Kumar,5,Excellent 👌🏻👍🏻✨✨,2026-07-23 07:32:20,1
Sheeba Baskaran,1,taking too Long time to get the product worst app i never seen,2026-07-23 07:28:36,0
Santosh Dunge,1,1st order aakar pata chale,2026-07-23 07:25:58,0
ANMOL Soni,2,It is expensive because of dilevery charges,2026-07-23 07:25:12,0
Mini Nair,1,I had ordered for banana along with other items but banana was not delivered. I complained but they are saying it is delivered which is wrong as I have not received banana for which I paid Rs 61,2026-07-23 07:22:28,0
Rakesh Sharma,5,bahut achhi service hai easy ho gya hai sab kuch,2026-07-23 07:18:49,0
Md Rahen R,5,badiya hai yrr blinkit jindabad Jai hind vandematram..,2026-07-23 07:10:38,0
Gurunank Agro,5,we get safe order and fresh things and it comes very fast,2026-07-23 07:00:56,0
Yashaswini Yashaswini,1,expired product,2026-07-23 06:45:48,0
Hasti Patel,2,increasing prices,2026-07-23 06:43:13,1
Lavanya Kashyap,1,"I ordered the Pee Safe panty liner and the expiry date was misplaced. When it comes to personal hygiene products like this, things need to be proper for the peace of mind. I do not feel comfortable using a defected product so I politely demanded a refund and the agent ""Poulami"" didn't talk further and immediately closed the chat abruptly while my product issue was still unresolved. They are shoving defected products down our throats. I'm not gonna use blinkit ever again. Open your eyes everyone.",2026-07-23 06:31:43,0
Omkar Pandya,5,now I'm ordering more products from this app but they need to maintain stocks. I never get any notification which I asked for notify when the product is available.,2026-07-23 06:25:26,0
Aryan Lajpal,5,it's very gud app,2026-07-23 06:21:00,0
Rohit Dutta,5,A good and fast delivery app,2026-07-23 06:06:57,0
SaiShivani In service of Sai,1,"Horrible packing , seemed like very very old products being not sold but discarded to the customer. Im extremely humiliated and frustrated at the products I bought which were actually valued worth Rs12000 and the way it was delivered and handed over to me seemed like the value of the products was just worth Rs 200. Disgusting and very unprofessional.",2026-07-23 05:33:26,0
Shivaji Satamwar,5,best grocery shopping app,2026-07-23 05:02:00,0
ruchi ahuja,4,good app but takes more than 10 mins,2026-07-23 04:45:02,0
Nikhil Singh,5,A good experience on blinkit health products and prescription on medicine,2026-07-23 04:29:51,0
Swati Gupta,2,delivery partner is not assigned in night even for medicine,2026-07-23 04:20:05,1
sandeep dubey,1,"blinkit service is good but service provider aren't sensible, all times we found that colddrink are not cold, get colddrink with 50• temperature All tims So please carefully for again order If we found again this type issue then I will close blinkit service permanently thanks",2026-07-23 02:56:49,0
Patil Prathamesh,5,"Almost everything is available at any time, low prices than peers and fast delivery. Good job Blinkit! 🙏 You are a saviour for people like us who remember things in the middle of the night.",2026-07-23 02:50:45,1
SIDDU T,1,devilery partners carry weapons to threnen,2026-07-23 02:34:14,0
Praveen Kumar,5,could you pls give me that payment less for doorstep delivery,2026-07-23 01:54:36,0
Shoeb Khan,1,delivery partners said I wil not come to your floor in night and this is our manager rule,2026-07-23 01:48:59,0
Batman,5,it was a absolute service on time🤩🥰 I JUST LOVED IT 🫶🏻,2026-07-23 01:35:02,0
Ankush,3,"atleast cut off the charges and platform fees on the order which are going to jantar mantar, Delhi, please bharat mata ki jai",2026-07-23 01:30:18,0
Nishant Sahu,5,very good for loved one,2026-07-23 01:28:08,0
Pooja Sonkusale,1,"worst service I never get , I got pampered product from blinkit.",2026-07-23 01:21:11,0
Mukul Sharma,5,nice good service,2026-07-23 01:16:36,0
RAHUL SHARMA,1,"compare to flipkart minutes, blinkit services and products and return policy is worst. may be a small platform overall. i bought one product today and requested return because of cheap plastic and smells alot . they said we cannot exchange or return. whereas in half the price, i bought from flipkart minutes with better quality. blinkit just lost 3 everyday regular customets in my family because of 300 rs.",2026-07-23 01:09:11,0
Sarthak Swarnkar,5,"best of the best , always",2026-07-23 01:00:46,0
VIRAJ KAPOOR,5,very much helpful app for urgent situations,2026-07-23 00:51:49,0
Ankit “Itz ankit” Ray,3,I like the service,2026-07-23 00:29:07,0
Angajala Pavan Santhosh,2,"always delivering COOL drinks without cooling, I'm very upset about that",2026-07-23 00:27:33,0
Aishu Aishuraj,3,not bad but once time delivery order agithu but order thandkottilla payment refund madthini andru but madilla,2026-07-23 00:27:01,0
Arpita Yenpure,1,"Very pathetic application and delivery service. The delivery guy falsely claimed that I had entered the wrong address, even though my address was completely correct. I even showed him the correct address in person, but instead of accepting his mistake, he blamed me and said, ""Because of you, I suffered a loss. It's disappointing that you have delivery partners who don't know how to navigate to the correct location and then blame customers for their own mistakes. I want a call from Blinkit",2026-07-23 00:24:58,0
Peter Parker,1,did not receive my icecream guava chilli,2026-07-23 00:22:03,0
mangesh sakpal,5,faster delivery app,2026-07-23 00:16:55,0
Karan Kumar,5,very good quality product,2026-07-23 00:06:25,0
Vasavi Kishore,1,sent me expiry completed product.Ban Blinkit in india,2026-07-22 23:58:33,0
Shubham Rj,5,some time extending. is important. because last time it was till 1 am,2026-07-22 23:57:08,0
studywith purpose,5,Bakwaas..what do you mean by shop not available high demand at 8.20 a.m?Your duty to have more staff.,2026-07-22 23:56:33,0
Ramswroop Namdev,5,good right time service,2026-07-22 23:56:29,0
Suman Gujjar,5,"⭐⭐⭐⭐⭐ I'm truly grateful to Blinkit! ❤️ Last night around 11:30 PM, my father urgently needed a Pet Safa product. There was no one else at home, and as a girl, it wasn't safe for me to go out that late. 😔 I ordered it on Blinkit, and it arrived in just 7 minutes! 🚀 Thanks to your super-fast delivery, I could help my father immediately. 🙏 Thank you for bringing such reliable service to my city. In emergencies, Blinkit is a true lifesaver! 💚👏And thankyou to the dilivery man as well ❤️",2026-07-22 23:55:14,0
Jyoti Oraon,2,"Your service is extremely disappointing. I placed my order using the Cash on Delivery (COD) option because I currently do not have online or UPI payment available. However, when the delivery person arrived, he insisted that I pay online. When I told him I couldn't, he asked me to cancel the order, saying that he would not deliver it unless I made an online payment. If Cash on Delivery is not actually available, then why do you providthe COD option while placing the order?",2026-07-22 23:54:33,0
SHRAVANI CHACHAD,5,"When you need few essentials things urgently, it's a great app to deliver it at your doorstep. Thank you Blinkit.",2026-07-22 23:50:45,0
MD MUNAM ABDUL HAQUE,1,hight price comparison local market,2026-07-22 23:49:01,0
KT creation,5,great application for general use items,2026-07-22 23:48:15,0
Deepak Batham,5,so fast deliver and fresh food,2026-07-22 23:46:08,0
Shaik Ehsaan,5,super service but charges more,2026-07-22 23:39:40,0
Ahana Ro Service,1,15 minutes me ambulance aayegi to koi delivery partner agr jayeda ghayal ho gya to 15 mint me q...khud ambulance rakho jo sirf blinkit ke liye kam kre.,2026-07-22 23:37:53,0
Md ALI,1,only local items don't install blink it app,2026-07-22 23:37:07,0
Rohit chaparwal,5,very gudd grocery app,2026-07-22 23:35:05,0
Shubh,5,provide greatest discount on any product with fastest delivery 👍😍,2026-07-22 23:26:14,0
Ramautar Gurrjar,5,best service maja aa gya,2026-07-22 23:25:58,0
Sheela Devi,1,this was a very bad experience I ordered a product and I payed online and the amount was deducted from my account but the order was cancelled even I didn't cancelled it and they said the refund will be given in 5 days I hate this type of service from blinkit I wanted the order for an emergency but I got nothing nor my order nor my refund this experience was very badd(edit- I didn't received my refund yet even after 5 days and instead of giving my refund they cleared all my that order details),2026-07-22 23:23:01,0
Akansha Verma,1,"I had ordered from blinkit few times but this time it's really disappointing for me because I had brought whole fram chakki aata and it's quality is not very good .....and I wanted a refund or I could atleast get to complaint about it but there's no such system about filling a complaint about this type of product and You guys really think that we customer are fool,don't you...",2026-07-22 23:20:21,0
Ashmit Chauhan,5,great app for asap delivery of required items,2026-07-22 23:18:27,0
Saiyyad Mohammad,5,good service thanks,2026-07-22 23:18:07,0
Sheham Fazal Rahman,1,"Worst app. The delivery boy also had no manners, and the delivery took more than 15 minutes. Very disappointing service.",2026-07-22 23:16:36,0
Abhay Singh,5,nice platform easy shopping affordabale rate,2026-07-22 23:12:31,0
ARADHAYA DEVA,5,really good fast delivery ❤️🥰,2026-07-22 23:10:33,0
Shalom David,5,best for emergency 🫶🏻🫂,2026-07-22 23:09:27,0
Pthan Boy,5,it is good app Blinkit and fast service enjoy this website anybody in all order,2026-07-22 23:08:54,0
Amaira Amaira,1,blanket se koi bhi order na khariden blancate wale bahut Dhokha Dhadi kar rahe hain maine apne bacche ke liye Nariyal Pani mangaya tha Botal wala usmein kide nikale Hain,2026-07-22 23:05:15,0
Manoj Acharya,5,"Awesome experience, loved it",2026-07-22 23:05:07,0
Vinayak Kulkarni,1,"I had ordered amul butterscotch icecream, but the butterscotch nuts and crunches have became soft. Storage people have not maintained refrigeration properly. Please try not to order ice creams from blinkit",2026-07-22 23:00:48,0
Dr Bijay Hansda MBBS,1,awfull Returning any expensive item is extremely difficult in Blinkit go for Bigbasket and flipkart 20 minutes avoid Blinkit,2026-07-22 22:54:59,0
YASIR MAKBULBHAI SUNASARA,5,good service best,2026-07-22 22:53:27,0
Anju Pandey,2,cancel feature is not there,2026-07-22 22:53:19,0
Mukesh Kumar,5,Great experience Blinkit aap very useful.,2026-07-22 22:51:26,0
ASHUTOSH PANDEY,1,worst app.... dont buy anything from here...,2026-07-22 22:48:01,0
Sonam,1,products delivered are expired,2026-07-22 22:47:32,0
Aziz Syed,3,Rs 10 Xtra every order,2026-07-22 22:40:03,0
Ravi barss Band,4,best delivery and fast but to expensive,2026-07-22 22:39:04,0
Prem kumar Chinthala,5,good service but little bit slow,2026-07-22 22:34:45,0
Sai Patil,5,fastest service,2026-07-22 22:34:38,0
Ramprasad,4,Nice services and it's pretty awesome while placing an order of medicine 💊 and receive physician's call as well to be recommended that what medicine should be taken,2026-07-22 22:34:14,0
Vini Vini,1,waste of money bad quality eggs 300 rupees wasted,2026-07-22 22:24:16,0
Priya Jadhav,5,wonderful app... eassy way to bought a grocery or household items.. thank you 😀A big thank you blinkit..it is very nice service for me.. I ordered any item anytime 😀😀this app is very convenient for me ❤️,2026-07-22 22:20:48,0
Sultana Qureshi,5,delivery done in so heavy rain also so late.,2026-07-22 22:17:05,0
HARSH KUMAR RAJ,5,"This application is unequivocally the best I have ever encountered for all my needs, ranging from groceries and household items to late-night cravings and medicinal emergencies, and much more.",2026-07-22 22:17:02,0
Parvinder Panchal,5,vry fast service 😇❤,2026-07-22 22:16:12,0
Victoria Beng,5,good love you🩷🩷🩷,2026-07-22 22:14:27,0
Jay Jain,5,it was fast and came in just 10-15 minutes,2026-07-22 22:14:22,0
Baibhav Das,4,"not bad , everything is ok . I may re rate of any fault appears",2026-07-22 22:13:07,0
Narayan Iyer,4,First order. So pleasantly shocked by such a fast delivery. The price of items was very competitive and attractive compared to amazon. So happy with this first experience although delivery bag was torn badly. But items arrived in less than 15 mins of ordering. Truly an eye blinking experience. Thank you.,2026-07-22 22:13:05,0
Saloni Handa,5,super these app make my life soo easy thanku so much blinkit for your great services and your customer care also so helpful and respond immediately if Items are in poor condition or damage they immediately solve the problem,2026-07-22 22:09:59,0
Anil Verma,5,blinkit helped me in need in late night hours and that too at my home location where all major delivery partners were not available. Really thankful to Blinkit,2026-07-22 22:08:12,0
Sandeep Singh,5,very good app and very fast delivery 🚚👍100% save or best quality,2026-07-22 22:07:17,0
Varaprasad Babu,5,Simple and superb. Nice app on time delivery.,2026-07-22 22:05:50,0
Poojithayadav,4,"amazing app. even if you missed or didn't get the product , they will listen and solve the issue quickly.. loved the service 😄",2026-07-22 22:03:02,0
Ekta Beniwal,2,good but please open for 24 hours,2026-07-22 22:02:01,0
Suraj choudhary,5,My First Order & I hope a long time good hi rhega,2026-07-22 21:59:28,0
Jatin Panchal,1,worst product delivered. poor quality. Blinkit is not helping me on returning the product,2026-07-22 21:55:30,0
Zex Aahil,5,mein kya khu es app ke baare mein kya app hein app deserve 100 stars,2026-07-22 21:52:46,0
Rakesh Kumar,2,worst appppp! no white monster available at the store from a longggg time REALLY!!!,2026-07-22 21:51:40,0
shashwathi hema,5,"good sarvice,👍🏽",2026-07-22 21:51:06,0
Uday Dj,1,West of money customer support is worst,2026-07-22 21:40:24,0
Prateik,5,this is a very useful app i personally like it!!!!,2026-07-22 21:39:20,0
Sohail Masqati,5,1 of the best app,2026-07-22 21:36:35,0
Het Mera,5,satisfaction your sarvice,2026-07-22 21:35:36,0
S.K Burman,5,very very best .It is very helpfull.,2026-07-22 21:33:50,0
Shahnawaz Akhter,4,perfect for emergencies and especially when you need print outs,2026-07-22 21:33:21,0
Inasu Jacob,5,excellent service and quantity of items offered,2026-07-22 21:30:35,0
ss #,5,it is actually very good it gives us things quickly everyone it is a good app,2026-07-22 21:25:36,0
vaishnavi bhade,5,He delivers the goods very quickly,2026-07-22 21:22:44,0
Ankur Mall,1,bad delivery agent,2026-07-22 21:20:24,0
Bindu Chauhan,5,this app is very good food comes in good package and delivers at any time,2026-07-22 21:17:34,0
Somenath Biswas,4,"dear blinkit, do your delivery partner expect every address to have a lift. There was no body else other than me in my address, and I had met with a foot injury so ordered from blinkit because it was difficult to walk down but just because my lift was out of order the delivery partner straight refused to come. I had do walk down with an injured leg to recieve the other and climb back . Never expecting such a day from you",2026-07-22 21:16:45,0
shashi bhushan,1,now a days deliver all damage products,2026-07-22 21:16:36,0
Naushin Islam,5,"very good affordable app and lag free app delivery service all is good, no extra charges and very easy to purchase the grocery and more things.",2026-07-22 21:15:33,0
Radharanee Saraswat,5,good but one delivery partner was arguing with me,2026-07-22 21:14:48,0
MD Aahil,5,good place to buy products,2026-07-22 21:13:44,0
Sohaib Madoo,5,"Really Good!!! I love your fast and efficient service. Especially, during monsoon Blinkit helps a lot... 🙂🙂🙂🙂🙂🙂🙂🙂🙂🙂🙂🙂🙂🙂🙂🙂🙂🙂🙂🙂🙂🙂🙂🙂🙂🙂🙂🙂🙂🙂🙂🙂🙂🙂🙂🙂🙂🙂🙂🙂🙂🙂🙂🙂🙂🙂🙂🙂🙂",2026-07-22 21:08:58,0
VINAY JAROLI,5,best app in emergency 😭😭😭,2026-07-22 21:08:40,0
Thippareddy RkvMech,1,"worst experience ever I had, being it's my 1st order.... responsibility and accountability is not There...i recommend do not use",2026-07-22 21:05:59,0
Tulsiram Gocher,5,best minute app,2026-07-22 21:05:52,0
A19Lavanya Rao,5,they handle the issue very promptly,2026-07-22 21:05:45,0
Shahid Hussain,5,price are less than other apps,2026-07-22 21:03:48,0
GOLDAN ARK STEEL,5,Good sarvish best Benifit,2026-07-22 21:03:01,0
Abhishek Jha,5,fast delivery all item neat and clean thank you blink,2026-07-22 21:01:39,0
Shravani Kulabkar,5,better then zepto,2026-07-22 21:00:43,0
Crazy Cartoon,1,extra pese लेता h,2026-07-22 20:59:55,0
Aaditya Pose,5,"very helpful... it truly lives up to its tagline of ""India's Last minute app""",2026-07-22 20:59:45,0
neeraj saini,4,best option on fast delivery good,2026-07-22 20:57:32,0
Ranjit Prajapati,5,outstanding performance,2026-07-22 20:53:22,0
Asish Biswas,5,love you sexy 🫦,2026-07-22 20:51:39,0
Deepak Argade,1,worst delivery experience they take money and don't deliver the product,2026-07-22 20:51:29,0
VEERANAGOUDA GOUDAR,1,worst product received,2026-07-22 20:50:22,0
Fardin Mondol,4,ha good ha vai 😀,2026-07-22 20:49:59,0
THE SHIELD GAMER,4,helpfull and best for emergency 🫵🏻🩷,2026-07-22 20:46:46,0
Noorin Nisha,5,it is a excellent app which delivers in within 25 minutes no damages of packages,2026-07-22 20:46:27,0
Annu Singh,5,You should sell some cheap products which are easily affordable. Rest all the things are nice.,2026-07-22 20:46:22,0
Tara Devi,5,very good experience,2026-07-22 20:44:19,0
Hema Naidu,5,hamesha kam aata hai 👍 good job blinkit,2026-07-22 20:43:25,0
Jasmeen Kaur Badungar,5,"quick, easy and simple!",2026-07-22 20:41:45,0
Sumit Saraswat,4,"Just improve one thing, the communication skills of the delivery partners",2026-07-22 20:40:22,0
Pradip Das,5,blinkit india ke sabse fast order delivery karte hai kuch hi minutes ke andaar,2026-07-22 20:39:41,0
Raja Das,5,Fast and Easy with good competitive price,2026-07-22 20:39:03,0
Parappa KR,5,useful and I loved it ....,2026-07-22 20:38:58,0
Justin D,5,Good experience,2026-07-22 20:38:07,0
Priya charan,5,best app for shopping,2026-07-22 20:35:59,0
Sunilraj Singh,5,"get what ever whenever, thats blinkit",2026-07-22 20:30:04,0
Jatin Singh,1,late order place,2026-07-22 20:29:54,0
Mamta Vidhani,5,It was very quick even it was raining,2026-07-22 20:28:49,0
Manish Saini,1,your service is not good,2026-07-22 20:25:47,0
Vandana Bulbule,5,good application,2026-07-22 20:25:38,0
Dinesh Kumar,5,rates little bit high,2026-07-22 20:25:00,0
Chirag Kumar,5,Blinkit is a smooth app which tech stacks are u using?,2026-07-22 20:23:12,0
kunal ghosh,1,too much charge,2026-07-22 20:22:41,0
Niks Ahir,5,this is a amazing app i love it,2026-07-22 20:22:32,0
Vaishali Bhotmange,5,great but there is not vithoba and closeup available at 20rs,2026-07-22 20:22:01,0
sandeeptirkey tirkey,1,"worst experience ever, delivery boy cancelled my order and customer care executive charged cancellation charges.Its a big scam they cancelled himself and charged me.I do not recommend any one Blinkit.",2026-07-22 20:21:36,0
Ritesh Jain,1,very bad product and expiry product and very bad condition,2026-07-22 20:21:17,0
prajwal Patil,5,nice to see you 😁,2026-07-22 20:19:09,0
Vandana Mishra,1,chargers more amount for delivery,2026-07-22 20:19:06,0
Sanoj Kumar,5,very useful aap,2026-07-22 20:15:52,0
Jyoti Rathore,4,the product we search is not showing and showing other product 😑,2026-07-22 20:13:58,0
Kirti Pandey,5,it's the best last minute app,2026-07-22 20:13:52,0
mumpy acharjee,5,"Customer Service is very very good, infact excellent.",2026-07-22 20:12:10,0
Mohd Rehan,5,very nice and helpful app 💯☺️,2026-07-22 20:11:54,0
ANKUR DUTT Sharma,5,Excellent Customer Service Experience. Resolved issue very patiently.,2026-07-22 20:10:01,0
Sunder Lakhwani,5,excellent performance,2026-07-22 20:09:29,0
phanibhushankumar Kadupu,5,better than any other,2026-07-22 20:03:58,0
milind aroskar,1,very bad delivery service,2026-07-22 20:03:50,0
Anamika Negi,5,"good for instant deliveries, W app, a saviour honestly",2026-07-22 20:03:27,0
Devendra Kumar Das,1,Blinkit never does discrete packing of sexual wellness products.,2026-07-22 20:02:20,0
Ramesh Krishnan,5,Great grocery app delivers within u blink,2026-07-22 20:01:42,0
Rashila Kumbhani,5,fast delivery very 😊 good,2026-07-22 20:01:11,0
Dr KAMMARA SURESH,1,its not delivery at my home its 1.3 kms away from my home,2026-07-22 20:00:53,0
Satendra Singh,2,"never order fresh items like milk, eggs etc. they supply expired or near expiring date.",2026-07-22 19:59:52,0
Rohit Kumar,5,"this is a good app and deliveri timw is so fast good qulty food , sankas, chikin, all is good best app❣️❣️",2026-07-22 19:59:27,0
V Lakshmi,5,this is good ok all items are available,2026-07-22 19:57:40,0
Asma Patan,5,very excellent service 👏,2026-07-22 19:56:17,0
Umar Raza,5,yah bahut achcha achcha Saman Ghar pahuncha pahuncha kar de deta hai isliye ki bahut achcha hai aur aap log bhi saamp ko bahut achcha Sa Chala sakte hain aur kahe kar sakte hain duniya mein bahut sare kharab log Hain increase app ki vajah Se mujhe ab bahar se Saman nahin Lana padega Ghar baithe Saman a jaega aur Main ismein 500 words Bhar ke hi rahunga aur Main kuchh nahin jaanta hun abhi 4:00 ho chuka hai per Meri baten aap log Sun lijiye isliye kahate Hain billing kit achcha hai aur blancate k,2026-07-22 19:56:10,0
Yamuneshwari Ravi,5,very great service,2026-07-22 19:54:36,0
Chirage Patel,5,it's a good app,2026-07-22 19:53:58,0
Kaushal Gurjar,5,bhoot acha discount diya aapne,2026-07-22 19:50:54,0
Harish Raghuwanshi,1,very poor experience,2026-07-22 19:44:04,0
Hritik Vishwakarma,5,For ur ambulance service 🫡🫡🫡🫡🫡🫡🫡,2026-07-22 19:44:01,0
King Khan (Ami Tor Baap.),1,totally fraud application.,2026-07-22 19:42:18,0
Sindhu Bharti,5,The best app for grocery better than Instamart😋😋,2026-07-22 19:40:54,0
Wajahat Azhar,5,Best service provider,2026-07-22 19:40:49,0
Neelam Durgapal,5,I like the app and service given by the app but sometimes the order main packaging is not good🙁 that only the problem and nothing,2026-07-22 19:40:26,0
Meena Padhiyar,5,good timing and good services,2026-07-22 19:39:35,0
kirankumar khasiya,3,Delivery time shown in app is not sure some delay in delivery,2026-07-22 19:37:46,0
Ravindra singh,1,riders not delivered order 2 hours order deliver,2026-07-22 19:37:14,0
Anil Machcha,1,"Not able to Pluxee card, tried mutiple time it says Pluxee card can not be added before payment. Tried before purchase to make payment same issue...Tried to add card via account , payment options same issue...",2026-07-22 19:35:33,0
Dimple Kumar,1,very late delivery too much delay,2026-07-22 19:34:36,0
Mehul Bhardwaj,3,MRP 70 rs aur sale price 73,2026-07-22 19:28:20,0
Ambalika Chitkara,1,poor service high prices very bad experience,2026-07-22 19:28:15,0
Sonal Kanade,5,Excellent Service,2026-07-22 19:27:54,0
Abhishek Mishra,3,the experience is fine only. the app,2026-07-22 19:26:11,0
Shribalaji Kamble,5,the delivery is fast delivery partners are polite the platform is good sometimes small errors but manageable and sometimes there is 1 or 2 rupees more but it's also manageable and the service speed and accuracy are really appreciable truly a good product overall in conclusion its a good product,2026-07-22 19:24:01,0
Zafeerah Rayhaan,4,fast delivery.but prices are high compared to other platforms..,2026-07-22 19:20:55,0
mamta batra,5,always whenever I order the delivery partner don't call they just ring the bell on the doorstep,2026-07-22 19:18:40,0
Chetan Sharma,1,"worst app , worst customer care service, pathetic indian brand , not at all professional, they host defective items in their platform and do not replace item , typical cheap mindset ,not at all global brand , looks like baniya thugg entrepreneur goyal hosted a platform , does not care what a mess it has become. Horrific experience ,never use it .",2026-07-22 19:17:19,0
Immanuel Krenny,1,too late delivered,2026-07-22 19:16:38,0
Kanchan Pandey,5,very good delivery boys,2026-07-22 19:14:06,0
Renu Sharma,1,bad not delivered proper item's,2026-07-22 19:13:10,0
Rajamma Govind,5,super fast and make it more fast 👍👍👍👍👑👍👍👍👍👍👍👍👍👍👍👍👍👍👍👍👍👍👍👍👍👍100/99,2026-07-22 19:09:36,0
Samridhi Chhetri,5,delivery is amazing,2026-07-22 19:09:32,0
Shruti More,5,best app and also best services,2026-07-22 19:09:19,0
dilip surya,1,customer service is worst they won't even respond,2026-07-22 19:08:41,0
Anupama Jha,5,best delivery app,2026-07-22 19:06:13,0
Shankara,4,Very nice app & very usefull app especially during early morning and late night thanks for urs service,2026-07-22 19:05:46,0
Dr.Arun Sarnaik,5,I love with blinkit shoping,2026-07-22 19:04:58,0
Anjum Fatima,5,Really fast and nice service,2026-07-22 19:04:24,0
Neetu Prasad,5,best service 🙏🙏🙏,2026-07-22 19:03:35,0
Irfan Khan,5,very fast delivery,2026-07-22 19:01:50,0
Rishi Sinha,4,Name should be blink 400 times and then delivery 😅😂🤣,2026-07-22 19:00:50,0
Imtiyaz Faizi,5,fast delivery very good,2026-07-22 18:58:54,0
Nourin Khan,1,"Well, I was a regular blinkit customer when I used to live in the metro city, But today when I was placing orders from my location to some other place ( Order for someone else ) the blinkit was showing service unavailable, I was trying to place the order many times, Refreshing it after every 10-20 minutes but still it is showing unavailable service please try afterwards. This is not at all good totally disappointing",2026-07-22 18:57:57,1
Dinesh patidar,5,fastest service ever in my life 😄,2026-07-22 18:57:41,0
Sachin Kora,5,fash delivery 👍,2026-07-22 18:56:44,0
sivaram kotam,5,good service 👍 time save the service,2026-07-22 18:56:34,0
Kubra M.I,5,Awesome experience,2026-07-22 18:53:27,0
Rani Soni,1,my first 2 order confirm but 3 order was not received because the ridder cancelled it,2026-07-22 18:53:09,0
rajput saab,4,blinkit help line service is good 💯😊,2026-07-22 18:50:55,0
Gauri M,1,Bakwas app...aap kuch galat order kr do accidentally toh return ka opt he nahi hai and customer support bhi acha nahi,2026-07-22 18:50:40,0
RAGHAVA SASTRY,3,app is suddenly not opening.,2026-07-22 18:49:22,0
Pramod Kumar,3,service is good but delivery charge is more,2026-07-22 18:46:42,0
Ashutosh Bajpai,4,"App freezes, so I need to reinstall it...",2026-07-22 18:45:44,0
sri hari,5,"yesterday I want to purchase a engineering calci but I couldn't find it. because it was already 10 pm, suddenly I remember blinkit then I installed the app I booked the engineering calci i received it with in 10 mins that was really awesome i couldn't believe how fast my tension was gone. Thank you blinkit",2026-07-22 18:44:52,0
Sarita Singh,5,GODD DELIVERY AT TIME,2026-07-22 18:38:04,1
Diksha D,1,"Very disappointed. I've been a regular Blinkit customer and never expected such poor after-sales support. I received completely melted ice creams, reported the issue immediately, uploaded photos within minutes, and followed every instruction. Despite clear evidence, my complaint was repeatedly rejected with generic responses and no proper explanation. I had to interrupt my work, spend hours following up through emails, the Grievance Officer, and the Nodal Officer, yet received no fair resolution",2026-07-22 18:35:53,0
Srikanth Reddy,1,not delivering on time,2026-07-22 18:35:23,0
Paras Rohilla,1,"Jis nai phele order kra... usko time par dena dosro ka order ek sath dene k liye delay krte rhte.... starting mai delivery ache the ab bilkul bkar service... dene lge.....................,.......................................?.................. ........................................................................................",2026-07-22 18:32:44,0
Ankit,5,"i just love this app, anything anytime, anywhere....✨",2026-07-22 18:31:57,0
rajni sharma,5,excellent services,2026-07-22 18:29:10,0
Manish Aggarwal,1,worst app having low grade quality product pls do not order from blinkit worst app and company,2026-07-22 18:27:12,0
muskan t,1,not received product customer service is poor ms huda good for nothing,2026-07-22 18:23:46,0
Ravi Dhoble,5,Best oftion for anything perchesing from blinket,2026-07-22 18:22:15,0
Anita Rawat,5,very good fast delivery,2026-07-22 18:22:08,0
Sana Dalvi,5,awesome service,2026-07-22 18:19:15,0
Sangita Kumari,5,I can't describe in words. This app is amazing and provide us fast delivery.,2026-07-22 18:17:32,0
विराट ठाकुर,5,gud paid service,2026-07-22 18:16:07,0
Guevera J,3,"Really great,very punctual,easy to get anything we want but extra delivery charge is not good for minimal orders",2026-07-22 18:09:56,1
Niran,5,thanks blikit 💖,2026-07-22 18:06:41,0
Sneh Preet (SNEH),5,good for any emergency,2026-07-22 18:05:54,0
Madhu Ganamukhi,4,"good service.. help to every job holders, old age persons, in every season's.. I liked very much.. and thank u to blinkit..🤗🤗",2026-07-22 18:05:37,0
hari priyan,5,it really awesome👍,2026-07-22 18:04:21,0
ranman Raajput,5,its nice i just order i will see how is service and product after i give reword for services but i like this apps,2026-07-22 18:02:25,0
Vanraj Valand,1,very bed app customer support bed many time damage podak,2026-07-22 18:02:05,0
Bhavesh Dharla,3,good getting order on time,2026-07-22 18:01:24,0
Hina kauser,5,im very happy about blinkit,2026-07-22 17:56:27,0
veera veera,5,"quick delivery,good response",2026-07-22 17:54:00,0
niraj kumar,4,Give us more discount,2026-07-22 17:52:38,1
Mohammad Asif,5,best application for shopping,2026-07-22 17:51:28,0
Sudhanshu Kale,5,fast and furrious,2026-07-22 17:49:05,0
Tanvir pinjari,5,"Awesome service, within 15 min items at dore steps 😊",2026-07-22 17:46:00,0
Priyanka Singh,5,Blinkit products and services good.,2026-07-22 17:43:20,0
Amit Yenurkar,5,"good work, fast delivery",2026-07-22 17:41:08,0
Md Gulam,3,thank you biling kis,2026-07-22 17:41:08,0
Arun,5,if your order is come fast its obiusully good,2026-07-22 17:39:20,0
Himanshu Sharma,4,"delivery charges is little higher, after purchasing item worth above ₹600",2026-07-22 17:38:16,0
Hima bindu,5,best online app,2026-07-22 17:38:06,0
PUSHPAGIRI Travels,1,no service in baglur sameless to blinkit team,2026-07-22 17:37:52,0
Chheetar Singh,5,this app help me at any time,2026-07-22 17:34:48,0
Sweety Kumari,1,useless only dealer very fast No deals products not available usless ad Amazon fresh far better deals minutes by flip kart cheaper than blinkit bye bye I uninstall app,2026-07-22 17:31:16,0
BHAATI HITUBHA,5,very grateful to Blinkit and the best services in minutes,2026-07-22 17:29:59,0
Mallika Pattabhiraman,5,Great boon for senior citizens 👏,2026-07-22 17:26:47,0
Pravin joshi,1,"Extremely disappointing experience. Blinkit delivered a damaged skincare product as a free gift and then refused to replace it simply because it was free. Whether an item is paid or complimentary, customers should never receive damaged or unusable products. Customer support only kept apologizing without offering any real solution. This shows a lack of responsibility and poor customer service. Very disappointed with how this issue was handled. I expected much better from Blinkit.",2026-07-22 17:25:45,0
Gyan Prakash,1,delivery is late,2026-07-22 17:23:05,0
